Timestamp,FIT101,LIT101,MV101,P101,P102,DPIT301,FIT301,LIT301,MV301,MV302,MV303,MV304,P301,P302,Attack
 28/12/2015 11:22:00 AM,2.579188,592.0323,2,1,1,19.7804,2.211959,904.2553,1,2,1,1,1,2,1
 28/12/2015 11:22:01 AM,2.563174,593.0323,2,1,1,19.7804,2.2126,903.6545,1,2,1,1,1,2,1
 28/12/2015 11:22:02 AM,2.544278,594.0323,2,1,1,19.7804,2.213368,902.8535,1,2,1,1,1,2,1
 28/12/2015 11:22:03 AM,2.530506,595.0323,2,1,1,19.7804,2.214649,902.6932,1,2,1,1,1,2,1
 28/12/2015 11:22:04 AM,2.51193,596.0323,2,1,1,19.77399,2.214649,901.772,1,2,1,1,1,2,1
 28/12/2015 11:22:05 AM,2.498799,597.0323,2,1,1,19.77399,2.214649,901.4516,1,2,1,1,1,2,1
 28/12/2015 11:22:06 AM,2.484707,598.0323,2,1,1,19.77399,2.214649,901.051,1,2,1,1,1,2,1
 28/12/2015 11:22:07 AM,2.471255,599.0323,2,1,1,19.73558,2.213624,900.6104,1,2,1,1,1,2,1
 28/12/2015 11:22:08 AM,2.452679,600.0323,2,1,1,19.73558,2.213624,900.4102,1,2,1,1,1,2,1
 28/12/2015 11:22:09 AM,2.444352,601.0323,2,1,1,19.73558,2.213624,900.2499,1,2,1,1,1,2,1
 28/12/2015 11:22:10 AM,2.429619,602.0323,2,1,1,19.71957,2.211831,899.4088,1,2,1,1,1,2,1
 28/12/2015 11:22:11 AM,2.428658,603.0323,2,1,1,19.69076,2.210806,899.2486,1,2,1,1,1,2,1
 28/12/2015 11:22:12 AM,2.428658,603.0323,2,1,1,19.69076,2.210806,898.9683,1,2,1,1,1,2,1
 28/12/2015 11:22:13 AM,2.471255,604.0323,2,1,1,19.69076,2.210806,898.007,1,2,1,1,1,2,1
 28/12/2015 11:22:14 AM,2.507446,605.0323,2,1,1,19.69076,2.210806,897.5663,1,2,1,1,1,2,1
 28/12/2015 11:22:15 AM,2.545239,606.0323,2,1,1,19.72277,2.210294,897.4462,1,2,1,1,1,2,1
 28/12/2015 11:22:16 AM,2.590718,607.0323,2,1,1,19.73558,2.208884,896.525,1,2,1,1,1,2,1
 28/12/2015 11:22:17 AM,2.620184,608.0323,2,1,1,19.75479,2.208884,896.0443,1,2,1,1,1,2,1
 28/12/2015 11:22:18 AM,2.642603,609.0323,2,1,1,19.75479,2.208884,895.804,1,2,1,1,1,2,1
 28/12/2015 11:22:19 AM,2.653813,610.0323,2,1,1,19.75479,2.210166,895.4435,1,2,1,1,1,2,1
 28/12/2015 11:22:20 AM,2.653813,611.0323,2,1,1,19.75479,2.210166,895.043,1,2,1,1,1,2,1
 28/12/2015 11:22:21 AM,2.625949,612.0323,2,1,1,19.75479,2.212087,894.4421,1,2,1,1,1,2,1
 28/12/2015 11:22:22 AM,2.612177,613.0323,2,1,1,19.73558,2.212087,893.8414,1,2,1,1,1,2,1
 28/12/2015 11:22:23 AM,2.606732,614.0323,2,1,1,19.71957,2.212087,893.8013,1,2,1,1,1,2,1
 28/12/2015 11:22:24 AM,2.600006,615.0323,2,1,1,19.71957,2.210294,893.9214,1,2,1,1,1,2,1
 28/12/2015 11:22:25 AM,2.575986,616.0323,2,1,1,19.64274,2.210294,893.2005,1,2,1,1,1,2,1
 28/12/2015 11:22:26 AM,2.559331,617.0323,2,1,1,19.62033,2.210294,892.5596,1,2,1,1,1,2,1
 28/12/2015 11:22:27 AM,2.540755,618.0323,2,1,1,19.62033,2.210294,892.7599,1,2,1,1,1,2,1
 28/12/2015 11:22:28 AM,2.530506,619.0323,2,1,1,19.62033,2.209653,892.1591,1,2,1,1,1,2,1
 28/12/2015 11:22:29 AM,2.521538,619.0323,2,1,1,19.56591,2.208756,891.7585,1,2,1,1,1,2,1
 28/12/2015 11:22:30 AM,2.508728,620.0323,2,1,1,19.58832,2.208756,891.358,1,2,1,1,1,2,1
 28/12/2015 11:22:31 AM,2.487269,621.0323,2,1,1,19.67155,2.208756,890.7172,1,2,1,1,1,2,1
 28/12/2015 11:22:32 AM,2.473817,622.0323,2,1,1,19.67155,2.210166,890.5168,1,2,1,1,1,2,1
 28/12/2015 11:22:33 AM,2.454601,623.0323,2,1,1,19.67155,2.210166,889.9561,1,2,1,1,1,2,1
 28/12/2015 11:22:34 AM,2.439548,624.0323,2,1,1,19.67155,2.210166,889.5155,1,2,1,1,1,2,1
 28/12/2015 11:22:35 AM,2.425456,625.0323,2,1,1,19.67155,2.210166,888.9147,1,2,1,1,1,2,1
 28/12/2015 11:22:36 AM,2.420011,626.0323,2,1,1,19.70037,2.21324,888.3539,1,2,1,1,1,2,1
 28/12/2015 11:22:37 AM,2.420011,627.0323,2,1,1,19.70037,2.21324,887.7932,1,2,1,1,1,2,1
 28/12/2015 11:22:38 AM,2.451398,628.0323,2,1,1,19.70037,2.21324,887.4327,1,2,1,1,1,2,1
 28/12/2015 11:22:39 AM,2.504244,629.0323,2,1,1,19.70037,2.21324,886.8319,1,2,1,1,1,2,1
 28/12/2015 11:22:40 AM,2.540435,630.0323,2,1,1,19.72277,2.21324,886.4314,1,2,1,1,1,2,1
 28/12/2015 11:22:41 AM,2.58079,631.0323,2,1,1,19.72277,2.21324,885.9107,1,2,1,1,1,2,1
 28/12/2015 11:22:42 AM,2.621785,632.0323,2,1,1,19.72277,2.212343,884.9094,1,2,1,1,1,2,1
 28/12/2015 11:22:43 AM,2.65093,633.0323,2,1,1,19.74198,2.212087,884.629,1,2,1,1,1,2,1
 28/12/2015 11:22:44 AM,2.674631,634.0323,2,1,1,19.74198,2.212087,883.9881,1,2,1,1,1,2,1
 28/12/2015 11:22:45 AM,2.674631,635.0323,2,1,1,19.71957,2.212087,883.9881,1,2,1,1,1,2,1
 28/12/2015 11:22:46 AM,2.646126,636.0323,2,1,1,19.70037,2.212087,883.3472,1,2,1,1,1,2,1
 28/12/2015 11:22:47 AM,2.632034,636.0323,2,1,1,19.70037,2.212087,883.147,1,2,1,1,1,2,1
 28/12/2015 11:22:48 AM,2.628191,637.0323,2,1,1,19.70037,2.212087,882.5461,1,2,1,1,1,2,1
 28/12/2015 11:22:49 AM,2.628191,638.0323,2,1,1,19.70037,2.212087,881.9854,1,2,1,1,1,2,1
 28/12/2015 11:22:50 AM,2.614739,639.0323,2,1,1,19.70037,2.210678,881.8252,1,2,1,1,1,2,1
 28/12/2015 11:22:51 AM,2.594882,640.0323,2,1,1,19.67155,2.210294,880.944,1,2,1,1,1,2,1
 28/12/2015 11:22:52 AM,2.572142,641.0323,2,1,1,19.65555,2.210294,880.9039,1,2,1,1,1,2,1
 28/12/2015 11:22:53 AM,2.55837,642.0323,2,1,1,19.65555,2.210294,880.223,1,2,1,1,1,2,1
 28/12/2015 11:22:54 AM,2.540435,643.0323,2,1,1,19.65555,2.210294,879.9827,1,2,1,1,1,2,1
 28/12/2015 11:22:55 AM,2.521218,644.0323,2,1,1,19.62033,2.210294,879.5421,1,2,1,1,1,2,1
 28/12/2015 11:22:56 AM,2.497198,645.0323,2,1,1,19.62033,2.210678,878.8212,1,2,1,1,1,2,1
 28/12/2015 11:22:57 AM,2.48791,646.0323,2,1,1,19.62033,2.210678,878.741,1,2,1,1,1,2,1
 28/12/2015 11:22:58 AM,2.471896,647.0323,2,1,1,19.62033,2.210678,878.3806,1,2,1,1,1,2,1
 28/12/2015 11:22:59 AM,2.460686,648.0323,2,1,1,19.65875,2.210678,878.0201,1,2,1,1,1,2,1
 28/12/2015 11:23:00 AM,2.446594,649.0323,2,1,1,19.65875,2.210678,877.3392,1,2,1,1,1,2,1
 28/12/2015 11:23:01 AM,2.436025,650.0323,2,1,1,19.65875,2.210678,876.9386,1,2,1,1,1,2,1
 28/12/2015 11:23:02 AM,2.436025,650.0323,2,1,1,19.65875,2.210678,876.9386,1,2,1,1,1,2,1
 28/12/2015 11:23:03 AM,2.428338,651.0323,2,1,1,19.65875,2.210678,876.6983,1,2,1,1,1,2,1
 28/12/2015 11:23:04 AM,2.425776,652.0323,2,1,1,19.70677,2.210678,875.9774,1,2,1,1,1,2,1
 28/12/2015 11:23:05 AM,2.438587,653.0323,2,1,1,19.70677,2.212984,876.1776,1,2,1,1,1,2,1
 28/12/2015 11:23:06 AM,2.473497,654.0323,2,1,1,19.70677,2.212984,875.777,1,2,1,1,1,2,1
 28/12/2015 11:23:07 AM,2.521538,655.0323,2,1,1,19.70677,2.212984,875.777,1,2,1,1,1,1,1
 28/12/2015 11:23:08 AM,2.559331,656.0323,2,1,1,19.19457,2.212984,874.8158,1,2,1,1,1,1,1
 28/12/2015 11:23:09 AM,2.599366,656.0323,2,1,1,17.85646,2.196842,874.6956,1,0,1,1,1,1,1
 28/12/2015 11:23:10 AM,2.623707,657.0323,2,1,1,15.66682,2.114851,874.0948,1,0,1,1,1,1,1
 28/12/2015 11:23:11 AM,2.646446,658.0323,2,1,1,13.04821,1.913077,873.7744,1,0,1,1,1,1,1
 28/12/2015 11:23:12 AM,2.651251,659.0323,2,1,1,10.51924,1.637511,873.2937,1,0,1,1,1,1,1
 28/12/2015 11:23:13 AM,2.651251,660.0323,2,1,1,8.428837,1.297121,872.733,1,0,1,1,1,1,1
 28/12/2015 11:23:14 AM,2.628191,661.0323,2,1,1,6.642551,0.935208,872.1321,1,0,1,1,1,1,1
 28/12/2015 11:23:15 AM,2.617301,662.0323,2,1,1,5.169985,0.5991737,871.6115,1,0,1,1,1,1,1
 28/12/2015 11:23:16 AM,2.605771,663.0323,2,1,1,3.969524,0.3360343,871.2109,1,1,1,1,1,1,1
 28/12/2015 11:23:17 AM,2.594562,664.0323,2,1,1,3.322876,0.2179163,870.8104,1,1,1,1,1,1,1
 28/12/2015 11:23:18 AM,2.574384,665.0323,2,1,1,2.721045,0.1163245,870.8104,1,1,1,1,1,1,1
 28/12/2015 11:23:19 AM,2.550043,666.0323,2,1,1,2.212049,0.06328668,870.2897,1,1,1,1,1,1,1
 28/12/2015 11:23:20 AM,2.535311,667.0323,2,1,1,2.125616,0.03266823,869.9292,1,1,1,1,1,1,1
 28/12/2015 11:23:21 AM,2.519617,668.0323,2,1,1,2.077598,0.01498895,869.9692,1,1,1,1,1,1,1
 28/12/2015 11:23:22 AM,2.503283,669.0323,2,1,1,2.042384,0,869.4085,1,1,1,1,1,1,1
 28/12/2015 11:23:23 AM,2.482785,670.0323,2,1,1,2.003969,0,869.5687,1,1,1,1,1,1,1
 28/12/2015 11:23:24 AM,2.46549,671.0323,2,1,1,1.997567,0,869.6889,1,1,1,1,1,1,1
 28/12/2015 11:23:25 AM,2.450758,672.0323,2,1,1,1.955951,0,869.6088,1,1,1,1,1,1,1
 28/12/2015 11:23:26 AM,2.436345,673.0323,2,1,1,1.955951,0,869.0881,1,1,1,1,1,1,1
 28/12/2015 11:23:27 AM,2.421612,673.0323,2,1,1,1.955951,0,869.2083,1,1,1,1,1,1,1
 28/12/2015 11:23:28 AM,2.421612,674.0323,2,1,1,1.955951,0,869.3284,1,1,1,1,1,1,1
 28/12/2015 11:23:29 AM,2.421612,675.0323,2,1,1,1.955951,0,868.7676,1,1,1,1,1,1,1
 28/12/2015 11:23:30 AM,2.451078,676.0323,2,1,1,1.987963,0,868.9679,1,1,1,1,1,1,1
 28/12/2015 11:23:31 AM,2.501681,677.0323,2,1,1,1.987963,0,868.8878,1,1,1,1,1,1,1
 28/12/2015 11:23:32 AM,2.54588,678.0323,2,1,1,1.987963,0,868.9279,1,1,1,1,1,1,1
 28/12/2015 11:23:33 AM,2.58079,679.0323,2,1,1,1.994366,0,869.0881,1,1,1,1,1,1,1
 28/12/2015 11:23:34 AM,2.617942,680.0323,2,1,1,2.013573,0,868.9279,1,1,1,1,1,1,1
 28/12/2015 11:23:35 AM,2.644845,681.0323,2,1,1,2.013573,0,869.4085,1,1,1,1,1,1,1
 28/12/2015 11:23:36 AM,2.658617,681.0323,2,1,1,2.013573,0,869.0881,1,1,1,1,1,1,1
 28/12/2015 11:23:37 AM,2.660539,682.0323,2,1,1,2.013573,0,869.3685,1,1,1,1,1,1,1
 28/12/2015 11:23:38 AM,2.628511,683.0323,2,1,1,2.013573,0,869.1682,1,1,1,1,1,1,1
 28/12/2015 11:23:39 AM,2.617301,684.0323,2,1,1,2.013573,0,869.3685,1,1,1,1,1,1,1
 28/12/2015 11:23:40 AM,2.614099,685.0323,2,1,1,2.013573,0,869.5687,1,1,1,1,1,1,1
 28/12/2015 11:23:41 AM,2.614099,686.0323,2,1,1,2.013573,0,869.3284,1,1,1,1,1,1,1
 28/12/2015 11:23:42 AM,2.60417,687.0323,2,1,1,2.013573,0,869.6889,1,1,1,1,1,1,1
 28/12/2015 11:23:43 AM,2.587195,687.0323,2,1,1,2.013573,0,869.4886,1,1,1,1,1,1,1
 28/12/2015 11:23:44 AM,2.572783,688.0323,2,1,1,2.013573,0,869.9692,1,1,1,1,1,1,1
 28/12/2015 11:23:45 AM,2.556449,689.0323,2,1,1,2.013573,0,869.8892,1,1,1,1,1,1,1
 28/12/2015 11:23:46 AM,2.540435,690.0323,2,1,1,2.013573,0,869.9292,1,1,1,1,1,1,1
 28/12/2015 11:23:47 AM,2.520898,691.0323,2,1,1,2.013573,0,870.2096,1,1,1,1,1,1,1
 28/12/2015 11:23:48 AM,2.504244,692.0323,2,1,1,2.013573,0,870.3298,1,1,1,1,1,1,1
 28/12/2015 11:23:49 AM,2.489191,693.0323,2,1,1,2.013573,0,870.1295,1,1,1,1,1,1,1
 28/12/2015 11:23:50 AM,2.47638,694.0323,2,1,1,2.013573,0,870.6101,1,1,1,1,1,1,1
 28/12/2015 11:23:51 AM,2.463568,695.0323,2,1,1,2.013573,0,870.6902,1,1,1,1,1,1,1
 28/12/2015 11:23:52 AM,2.446274,696.0323,2,1,1,2.013573,0,870.4899,1,1,1,1,1,1,1
 28/12/2015 11:23:53 AM,2.428979,697.0323,2,1,1,2.013573,0,870.7703,1,1,1,1,1,1,1
 28/12/2015 11:23:54 AM,2.421612,698.0323,2,1,1,2.013573,0,870.6902,1,1,1,1,1,1,1
 28/12/2015 11:23:55 AM,2.421612,699.0323,2,1,1,2.013573,0,870.8905,1,1,1,1,1,1,1
 28/12/2015 11:23:56 AM,2.428338,700.0323,2,1,1,2.013573,0,870.7703,1,1,1,1,1,1,1
 28/12/2015 11:23:57 AM,2.477661,701.0323,2,1,1,2.013573,0,870.6902,1,1,1,1,1,1,1
 28/12/2015 11:23:58 AM,2.51225,702.0323,2,1,1,2.013573,0,870.3698,1,1,1,1,1,1,1
 28/12/2015 11:23:59 AM,2.560292,703.0323,2,1,1,2.013573,0,870.5701,1,1,1,1,1,1,1
 28/12/2015 11:24:00 AM,2.592,703.0323,2,1,1,2.013573,0,870.3698,1,1,1,1,1,1,1
 28/12/2015 11:24:01 AM,2.630112,704.0323,2,1,1,2.013573,0,870.1696,1,1,1,1,1,1,1
 28/12/2015 11:24:02 AM,2.653172,706.0323,2,1,1,2.013573,0,870.4899,1,1,1,1,1,1,1
 28/12/2015 11:24:03 AM,2.657336,706.0323,2,1,1,2.013573,0,870.6101,1,1,1,1,1,1,1
 28/12/2015 11:24:04 AM,2.644845,707.0323,2,1,1,2.013573,0,870.1696,1,1,1,1,1,1,1
 28/12/2015 11:24:05 AM,2.62755,708.0323,2,1,1,2.013573,0,870.2897,1,1,1,1,1,1,1
 28/12/2015 11:24:06 AM,2.61602,709.0323,2,1,1,2.013573,0,870.0093,1,1,1,1,1,1,1
 28/12/2015 11:24:07 AM,2.61602,710.0323,2,1,1,2.013573,0,869.9692,1,1,1,1,1,1,1
 28/12/2015 11:24:08 AM,2.60481,711.0323,2,1,1,2.013573,0,869.769,1,1,1,1,1,1,1
 28/12/2015 11:24:09 AM,2.583352,712.0323,2,1,1,2.013573,0,869.9292,1,1,1,1,1,1,1
 28/12/2015 11:24:10 AM,2.568299,713.0323,2,1,1,2.013573,0,870.2096,1,1,1,1,1,1,1
 28/12/2015 11:24:11 AM,2.54652,714.0323,2,1,1,2.013573,0,870.0093,1,1,1,1,1,1,1
 28/12/2015 11:24:12 AM,2.537873,715.0323,2,1,1,2.013573,0,869.8892,1,1,1,1,1,1,1
 28/12/2015 11:24:13 AM,2.521538,716.0323,2,1,1,2.013573,0,870.2096,1,1,1,1,1,1,1
 28/12/2015 11:24:14 AM,2.504244,717.0323,2,1,1,2.013573,0,870.1295,1,1,1,1,1,1,1
 28/12/2015 11:24:15 AM,2.504244,717.0323,2,1,1,2.013573,0,870.1295,1,1,1,1,1,1,1
 28/12/2015 11:24:16 AM,2.490472,718.0323,2,1,1,2.013573,0,870.1295,1,1,1,1,1,1,1
 28/12/2015 11:24:17 AM,2.471896,719.0323,2,1,1,2.013573,0,869.769,1,1,1,1,1,1,1
 28/12/2015 11:24:18 AM,2.456843,720.0323,2,1,1,2.013573,0,869.9692,1,1,1,1,1,1,1
 28/12/2015 11:24:19 AM,2.440829,720.0323,2,1,1,2.013573,0,869.9292,1,1,1,1,1,1,1
 28/12/2015 11:24:20 AM,2.428658,721.0323,2,1,1,2.013573,0,870.3298,1,1,1,1,1,1,1
 28/12/2015 11:24:21 AM,2.425135,722.0323,2,1,1,2.013573,0,870.4099,1,1,1,1,1,1,1
 28/12/2015 11:24:22 AM,2.425135,723.0323,2,1,1,2.013573,0,870.3698,1,1,1,1,1,1,1
 28/12/2015 11:24:23 AM,2.449476,724.0323,2,1,1,2.013573,0,870.7703,1,1,1,1,1,1,1
 28/12/2015 11:24:24 AM,2.503283,725.0323,2,1,1,2.013573,0,870.7303,1,1,1,1,1,1,1
 28/12/2015 11:24:25 AM,2.550043,726.0323,2,1,1,2.013573,0,870.5701,1,1,1,1,1,1,1
 28/12/2015 11:24:26 AM,2.585274,727.0323,2,1,1,2.013573,0,870.4899,1,1,1,1,1,1,1
 28/12/2015 11:24:27 AM,2.628511,728.0323,2,1,1,2.013573,0,870.0894,1,1,1,1,1,1,1
 28/12/2015 11:24:28 AM,2.639721,729.0323,2,1,1,2.013573,0,869.769,1,1,1,1,1,1,1
 28/12/2015 11:24:29 AM,2.669827,730.0323,2,1,1,2.013573,0,870.1295,1,1,1,1,1,1,1
 28/12/2015 11:24:30 AM,2.671748,731.0323,2,1,1,2.013573,0,870.3698,1,1,1,1,1,1,1
 28/12/2015 11:24:31 AM,2.639721,732.0323,2,1,1,2.013573,0,870.5701,1,1,1,1,1,1,1
 28/12/2015 11:24:32 AM,2.62723,733.0323,2,1,1,2.013573,0,870.1295,1,1,1,1,1,1,1
 28/12/2015 11:24:33 AM,2.625628,734.0323,2,1,1,2.013573,0,870.4899,1,1,1,1,1,1,1
 28/12/2015 11:24:34 AM,2.621785,735.0323,2,1,1,2.013573,0,870.2897,1,1,1,1,1,1,1
 28/12/2015 11:24:35 AM,2.600006,736.0323,2,1,1,2.013573,0,870.6902,1,1,1,1,1,1,1
 28/12/2015 11:24:36 AM,2.586875,737.0323,2,1,1,2.013573,0,870.3698,1,1,1,1,1,1,1
 28/12/2015 11:24:37 AM,2.567338,738.0323,2,1,1,2.013573,0,870.53,1,1,1,1,1,1,1
 28/12/2015 11:24:38 AM,2.553886,739.0323,2,1,1,2.013573,0,870.4099,1,1,1,1,1,1,1
 28/12/2015 11:24:39 AM,2.53467,739.0323,2,1,1,2.013573,0,870.4899,1,1,1,1,1,1,1
 28/12/2015 11:24:40 AM,2.52346,740.0323,2,1,1,2.013573,0,870.4899,1,1,1,1,1,1,1
 28/12/2015 11:24:41 AM,2.502642,741.0323,2,1,1,2.013573,0,870.1696,1,1,1,1,1,1,1
 28/12/2015 11:24:42 AM,2.491112,742.0323,2,1,1,2.013573,0,870.2897,1,1,1,1,1,1,1
 28/12/2015 11:24:43 AM,2.473497,743.0323,2,1,1,2.013573,0,870.0093,1,1,1,1,1,1,1
 28/12/2015 11:24:44 AM,2.460686,744.0323,2,1,1,2.010372,0,870.53,1,1,1,1,1,1,1
 28/12/2015 11:24:45 AM,2.441469,745.0323,2,1,1,2.000768,0,870.3698,1,1,1,1,1,1,1
 28/12/2015 11:24:46 AM,2.423854,746.0323,2,1,1,2.000768,0,870.53,1,1,1,1,1,1,1
 28/12/2015 11:24:47 AM,2.420651,747.0323,2,1,1,2.000768,0,870.0894,1,1,1,1,1,1,1
 28/12/2015 11:24:48 AM,2.420651,748.0323,2,1,1,2.000768,0,870.53,1,1,1,1,1,1,1
 28/12/2015 11:24:49 AM,2.427057,749.0323,2,1,1,2.000768,0,870.0894,1,1,1,1,1,1,1
 28/12/2015 11:24:50 AM,2.4767,750.0323,2,1,1,2.000768,0,870.3698,1,1,1,1,1,1,1
 28/12/2015 11:24:51 AM,2.522499,751.0323,2,1,1,2.000768,0,870.0093,1,1,1,1,1,1,1
 28/12/2015 11:24:52 AM,2.562854,752.0323,2,1,1,2.000768,0,870.2096,1,1,1,1,1,1,1
 28/12/2015 11:24:53 AM,2.599366,752.0323,2,1,1,2.003969,0,869.7289,1,1,1,1,1,1,1
 28/12/2015 11:24:54 AM,2.635557,753.0323,2,1,1,2.003969,0,870.0894,1,1,1,1,1,1,1
 28/12/2015 11:24:55 AM,2.649649,754.0323,2,1,1,2.003969,0,869.809,1,1,1,1,1,1,1
 28/12/2015 11:24:56 AM,2.652532,755.0323,2,1,1,2.003969,0,870.2096,1,1,1,1,1,1,1
 28/12/2015 11:24:57 AM,2.647407,756.0323,2,1,1,2.003969,0,870.3298,1,1,1,1,1,1,1
 28/12/2015 11:24:58 AM,2.626909,757.0323,2,1,1,2.003969,0,870.1295,1,1,1,1,1,1,1
 28/12/2015 11:24:59 AM,2.616981,758.0323,2,1,1,2.003969,0,870.0894,1,1,1,1,1,1,1
 28/12/2015 11:25:00 AM,2.607693,759.0323,2,1,1,2.003969,0,870.2096,1,1,1,1,1,1,1
 28/12/2015 11:25:01 AM,2.600006,760.0323,2,1,1,2.003969,0,870.0894,1,1,1,1,1,1,1
 28/12/2015 11:25:02 AM,2.578548,761.0323,2,1,1,2.003969,0,870.5701,1,1,1,1,1,1,1
 28/12/2015 11:25:03 AM,2.566057,762.0323,2,1,1,2.003969,0,870.1696,1,1,1,1,1,1,1
 28/12/2015 11:25:04 AM,2.54652,763.0323,2,1,1,2.003969,0,870.7303,1,1,1,1,1,1,1
 28/12/2015 11:25:05 AM,2.532108,764.0323,2,1,1,2.003969,0,870.6101,1,1,1,1,1,1,1
 28/12/2015 11:25:06 AM,2.51161,765.0323,2,1,1,2.003969,0,870.8104,1,1,1,1,1,1,1
 28/12/2015 11:25:07 AM,2.495596,766.0323,2,1,1,2.003969,0,870.9706,1,1,1,1,1,1,1
 28/12/2015 11:25:08 AM,2.474778,767.0323,2,1,1,2.003969,0,870.6902,1,1,1,1,1,1,1
 28/12/2015 11:25:09 AM,2.459405,767.0323,2,1,1,2.003969,0,870.6902,1,1,1,1,1,1,1
 28/12/2015 11:25:10 AM,2.456843,768.0323,2,1,1,2.003969,0,870.8104,1,1,1,1,1,1,1
 28/12/2015 11:25:11 AM,2.433462,770.0323,2,1,1,2.003969,0,870.7703,1,1,1,1,1,1,1
 28/12/2015 11:25:12 AM,2.425135,771.0323,2,1,1,2.003969,0,871.0107,1,1,1,1,1,1,1
 28/12/2015 11:25:13 AM,2.425135,771.0323,2,1,1,2.003969,0,870.9305,1,1,1,1,1,1,1
 28/12/2015 11:25:14 AM,2.425776,772.0323,2,1,1,2.003969,0,870.9706,1,1,1,1,1,1,1
 28/12/2015 11:25:15 AM,2.475098,773.0323,2,1,1,2.003969,0,871.1308,1,1,1,1,1,1,1
 28/12/2015 11:25:16 AM,2.528905,774.0323,2,1,1,2.003969,0,871.2109,1,1,1,1,1,1,1
 28/12/2015 11:25:17 AM,2.567979,775.0323,2,1,1,2.003969,0,870.9706,1,1,1,1,1,1,1
 28/12/2015 11:25:18 AM,2.605771,776.0323,2,1,1,2.003969,0,870.9305,1,1,1,1,1,1,1
 28/12/2015 11:25:19 AM,2.605771,776.0323,2,1,1,2.003969,0,870.9305,1,1,1,1,1,1,1
 28/12/2015 11:25:20 AM,2.63876,777.0323,2,1,1,2.003969,0,871.0107,1,1,1,1,1,1,1
 28/12/2015 11:25:21 AM,2.662781,778.0323,2,1,1,2.003969,0,870.9706,1,1,1,1,1,1,1
 28/12/2015 11:25:22 AM,2.667585,779.0323,2,1,1,2.003969,0,871.0107,1,1,1,1,1,1,1
 28/12/2015 11:25:23 AM,2.648048,780.0323,2,1,1,2.003969,0,870.6902,1,1,1,1,1,1,1
 28/12/2015 11:25:24 AM,2.621785,781.0323,2,1,1,2.003969,0,870.9706,1,1,1,1,1,1,1
 28/12/2015 11:25:25 AM,2.609935,782.0323,2,1,1,2.003969,0,870.7703,1,1,1,1,1,1,1
 28/12/2015 11:25:26 AM,2.608334,783.0323,2,1,1,2.003969,0,870.6902,1,1,1,1,1,1,1
 28/12/2015 11:25:27 AM,2.598405,784.0323,2,1,1,2.003969,0,870.7303,1,1,1,1,1,1,1
 28/12/2015 11:25:28 AM,2.575345,785.0323,2,1,1,2.003969,0,870.7703,1,1,1,1,1,1,1
 28/12/2015 11:25:29 AM,2.560933,786.0323,2,1,1,2.003969,0,870.9305,1,1,1,1,1,1,1
 28/12/2015 11:25:30 AM,2.540435,787.0323,2,1,1,2.003969,0,870.5701,1,1,1,1,1,1,1
 28/12/2015 11:25:31 AM,2.527624,788.0323,2,1,1,2.003969,0,870.53,1,1,1,1,1,1,1
 28/12/2015 11:25:32 AM,2.510009,788.0323,2,1,1,2.003969,0,870.1696,1,1,1,1,1,1,1
 28/12/2015 11:25:33 AM,2.496877,789.0323,2,1,1,2.003969,0,870.53,1,1,1,1,1,1,1
 28/12/2015 11:25:34 AM,2.471575,790.0323,2,1,1,2.003969,0,870.3698,1,1,1,1,1,1,1
 28/12/2015 11:25:35 AM,2.459405,791.0323,2,1,1,2.003969,0,870.2096,1,1,1,1,1,1,1
 28/12/2015 11:25:36 AM,2.44179,792.0323,2,1,1,2.003969,0,870.3698,1,1,1,1,1,1,1
 28/12/2015 11:25:37 AM,2.424174,793.0323,2,1,1,2.003969,0,870.0894,1,1,1,1,1,1,1
 28/12/2015 11:25:38 AM,2.424174,794.0323,2,1,1,2.003969,0,870.1696,1,1,1,1,1,1,1
 28/12/2015 11:25:39 AM,2.428018,795.0323,2,1,1,2.003969,0,870.0894,1,1,1,1,1,1,1
 28/12/2015 11:25:40 AM,2.464209,796.0323,2,1,1,2.003969,0,869.9292,1,1,1,1,1,1,1
 28/12/2015 11:25:41 AM,2.505204,797.0323,2,1,1,2.003969,0,869.8892,1,1,1,1,1,1,1
 28/12/2015 11:25:42 AM,2.549082,798.0323,2,1,1,2.003969,0,869.6889,1,1,1,1,1,1,1
 28/12/2015 11:25:43 AM,2.587516,799.0323,2,1,1,2.003969,0,869.769,1,1,1,1,1,1,1
 28/12/2015 11:25:44 AM,2.625308,800.0323,2,1,1,2.003969,0,869.769,1,1,1,1,1,1,1
 28/12/2015 11:25:45 AM,2.642603,801.0323,0,1,1,2.003969,0,869.769,1,1,1,1,1,1,1
 28/12/2015 11:25:46 AM,2.653172,802.0323,0,1,1,2.003969,0,869.9692,1,1,1,1,1,1,1
 28/12/2015 11:25:47 AM,2.653172,803.0323,0,1,1,2.003969,0,869.9692,1,1,1,1,1,1,1
 28/12/2015 11:25:48 AM,2.630753,804.0323,0,1,1,2.003969,0,869.8892,1,1,1,1,1,1,1
 28/12/2015 11:25:49 AM,2.617622,805.0323,0,1,1,2.003969,0,869.6889,1,1,1,1,1,1,1
 28/12/2015 11:25:50 AM,2.606412,806.0323,0,1,1,2.003969,0,869.809,1,1,1,1,1,1,1
 28/12/2015 11:25:51 AM,2.583992,807.0323,0,1,1,2.003969,0,869.5687,1,1,1,1,1,1,1
 28/12/2015 11:25:52 AM,2.543638,808.0323,0,1,1,2.003969,0,869.8892,1,1,1,1,1,1,1
 28/12/2015 11:25:53 AM,2.494315,808.0323,1,1,1,2.003969,0,869.809,1,1,1,1,1,1,1
 28/12/2015 11:25:54 AM,2.389905,809.0323,1,1,1,2.003969,0,870.1696,1,1,1,1,1,1,1
 28/12/2015 11:25:55 AM,2.185889,810.0323,1,1,1,2.003969,0,870.0894,1,1,1,1,1,1,1
 28/12/2015 11:25:56 AM,1.925504,811.0323,1,1,1,2.003969,0,869.9692,1,1,1,1,1,1,1
 28/12/2015 11:25:57 AM,1.531243,812.0323,1,1,1,2.003969,0,869.8892,1,1,1,1,1,1,1
 28/12/2015 11:25:58 AM,1.128975,813.0323,1,1,1,2.003969,0,869.9692,1,1,1,1,1,1,1
 28/12/2015 11:25:59 AM,0.7504084,814.0323,1,1,1,2.003969,0,869.9692,1,1,1,1,1,1,1
 28/12/2015 11:26:00 AM,0.4724081,815.0323,1,1,1,2.003969,0,869.3284,1,1,1,1,1,1,1
 28/12/2015 11:26:01 AM,0.2683919,816.0323,1,1,1,2.003969,0,869.3284,1,1,1,1,1,1,1
 28/12/2015 11:26:02 AM,0.1406015,817.0323,1,1,1,2.003969,0,869.3284,1,1,1,1,1,1,1
 28/12/2015 11:26:03 AM,0.07142171,818.0323,1,1,1,2.003969,0,869.7289,1,1,1,1,1,1,1
 28/12/2015 11:26:04 AM,0.01761522,819.0323,1,1,1,2.003969,0,869.6088,1,1,1,1,1,1,1
 28/12/2015 11:26:05 AM,0,820.0323,1,1,1,2.003969,0,870.0093,1,1,1,1,1,1,1
 28/12/2015 11:26:06 AM,0,821.0323,1,1,1,2.003969,0,869.809,1,1,1,1,1,1,1
 28/12/2015 11:26:07 AM,0,822.0323,1,1,1,2.003969,0,869.9692,1,1,1,1,1,1,1
 28/12/2015 11:26:08 AM,0,823.0323,1,1,1,2.003969,0,870.0093,1,1,1,1,1,1,1
 28/12/2015 11:26:09 AM,0,824.0323,1,1,1,2.003969,0,869.9292,1,1,1,1,1,1,1
 28/12/2015 11:26:10 AM,0,825.0323,1,1,1,2.003969,0,869.6889,1,1,1,1,1,1,1
 28/12/2015 11:26:11 AM,0,826.0323,1,1,1,2.003969,0,869.5287,1,1,1,1,1,1,1
 28/12/2015 11:26:12 AM,0,826.0323,1,1,1,2.003969,0,869.5287,1,1,1,1,1,1,1
 28/12/2015 11:26:13 AM,0,827.0323,1,1,1,2.003969,0,869.7289,1,1,1,1,1,1,1
 28/12/2015 11:26:14 AM,0,828.0323,1,1,1,2.003969,0,869.809,1,1,1,1,1,1,1
 28/12/2015 11:26:15 AM,0,829.0323,1,1,1,2.003969,0,870.0093,1,1,1,1,1,1,1
 28/12/2015 11:26:16 AM,0,830.0323,1,1,1,2.003969,0,869.9292,1,1,1,1,1,1,1
 28/12/2015 11:26:17 AM,0,831.0323,1,1,1,2.003969,0,869.7289,1,1,1,1,1,1,1
 28/12/2015 11:26:18 AM,0,832.0323,1,1,1,2.003969,0,869.769,1,1,1,1,1,1,1
 28/12/2015 11:26:19 AM,0,833.0323,1,1,1,2.003969,0,869.9292,1,1,1,1,1,1,1
 28/12/2015 11:26:20 AM,0,834.0323,1,1,1,2.003969,0,870.1696,1,1,1,1,1,1,1
 28/12/2015 11:26:21 AM,0,835.0323,1,1,1,2.003969,0,869.9692,1,1,1,1,1,1,1
 28/12/2015 11:26:22 AM,0,836.0323,1,1,1,2.003969,0,870.3298,1,1,1,1,1,1,1
 28/12/2015 11:26:23 AM,0,837.0323,1,1,1,2.003969,0,870.1295,1,1,1,1,1,1,1
 28/12/2015 11:26:24 AM,0,838.0323,1,1,1,2.003969,0,870.3698,1,1,1,1,1,1,1
 28/12/2015 11:26:25 AM,0,839.0323,1,1,1,2.003969,0,870.0894,1,1,1,1,1,1,1
 28/12/2015 11:26:26 AM,0,839.0323,1,1,1,2.003969,0,870.3298,1,1,1,1,1,1,1
 28/12/2015 11:26:27 AM,0,840.0323,1,1,1,2.003969,0,870.4899,1,1,1,1,1,1,1
 28/12/2015 11:26:28 AM,0,840.0323,1,1,1,2.003969,0,870.4899,1,1,1,1,1,1,1
 28/12/2015 11:26:29 AM,0,841.0323,1,1,1,2.003969,0,870.7703,1,1,1,1,1,1,1
 28/12/2015 11:26:30 AM,0,842.0323,1,1,1,2.003969,0,870.7703,1,1,1,1,1,1,1
 28/12/2015 11:26:31 AM,0,843.0323,1,1,1,2.003969,0,870.53,1,1,1,1,1,1,1
 28/12/2015 11:26:32 AM,0,844.0323,1,1,1,2.003969,0,870.7303,1,1,1,1,1,1,1
 28/12/2015 11:26:33 AM,0,845.0323,1,1,1,2.003969,0,870.8104,1,1,1,1,1,1,1
 28/12/2015 11:26:34 AM,0,846.0323,1,1,1,2.003969,0,871.0908,1,1,1,1,1,1,1
 28/12/2015 11:26:35 AM,0,847.0323,1,1,1,2.003969,0,870.8905,1,1,1,1,1,1,1
 28/12/2015 11:26:36 AM,0,848.0323,1,1,1,2.003969,0,870.6101,1,1,1,1,1,1,1
 28/12/2015 11:26:37 AM,0,849.0323,1,1,1,2.003969,0,870.53,1,1,1,1,1,1,1
 28/12/2015 11:26:38 AM,0,850.0323,1,1,1,2.003969,0,870.8905,1,1,1,1,1,1,1
 28/12/2015 11:26:39 AM,0,851.0323,1,1,1,2.003969,0,870.2096,1,1,1,1,1,1,1
 28/12/2015 11:26:40 AM,0,852.0323,1,1,1,2.003969,0,870.4099,1,1,1,1,1,1,1
 28/12/2015 11:26:41 AM,0,853.0323,1,1,1,2.003969,0,869.9692,1,1,1,1,1,1,1
 28/12/2015 11:26:42 AM,0,854.0323,1,1,1,2.003969,0,869.9692,1,1,1,1,1,1,1
 28/12/2015 11:26:43 AM,0,855.0323,1,1,1,2.003969,0,869.7289,1,1,1,1,1,1,1
 28/12/2015 11:26:44 AM,0,855.0323,1,1,1,2.003969,0,869.809,1,1,1,1,1,1,1
 28/12/2015 11:26:45 AM,0,856.0323,1,1,1,2.003969,0,869.9292,1,1,1,1,1,1,1
 28/12/2015 11:26:46 AM,0,857.0323,1,1,1,2.003969,0,869.9292,1,1,1,1,1,1,1
 28/12/2015 11:26:47 AM,0,858.0323,1,1,1,2.003969,0,869.9692,1,1,1,1,1,1,1
 28/12/2015 11:26:48 AM,0,859.0323,1,1,1,2.003969,0,870.0093,1,1,1,1,1,1,1
 28/12/2015 11:26:49 AM,0,860.0323,1,1,1,2.003969,0,869.8892,1,1,1,1,1,1,1
 28/12/2015 11:26:50 AM,0,861.0323,1,1,1,2.003969,0,869.7289,1,1,1,1,1,1,1
 28/12/2015 11:26:51 AM,0,862.0323,1,1,1,2.003969,0,869.7289,1,1,1,1,1,1,1
 28/12/2015 11:26:52 AM,0,863.0323,1,1,1,2.003969,0,869.7289,1,1,1,1,1,1,1
 28/12/2015 11:26:53 AM,0,864.0323,1,1,1,2.003969,0,869.5687,1,1,1,1,1,1,1
 28/12/2015 11:26:54 AM,0,865.0323,1,1,1,2.003969,0,869.769,1,1,1,1,1,1,1
 28/12/2015 11:26:55 AM,0,866.0323,1,1,1,2.003969,0,869.3685,1,1,1,1,1,1,1
 28/12/2015 11:26:56 AM,0,867.0323,1,1,1,2.003969,0,869.4085,1,1,1,1,1,1,1
 28/12/2015 11:26:57 AM,0,868.0323,1,1,1,2.003969,0,869.2883,1,1,1,1,1,1,1
 28/12/2015 11:26:58 AM,0,869.0323,1,1,1,2.003969,0,869.4886,1,1,1,1,1,1,1
 28/12/2015 11:26:59 AM,0,870.0323,1,1,1,2.003969,0,869.5687,1,1,1,1,1,1,1
 28/12/2015 11:27:00 AM,0,871.0323,1,1,1,2.003969,0,869.9292,1,1,1,1,1,1,1
 28/12/2015 11:27:01 AM,0,871.0323,1,1,1,2.003969,0,870.1295,1,1,1,1,1,1,1
 28/12/2015 11:27:02 AM,0,872.0323,1,1,1,2.003969,0,870.3298,1,1,1,1,1,1,1
 28/12/2015 11:27:03 AM,0,873.0323,1,1,1,2.003969,0,870.0093,1,1,1,1,1,1,1
 28/12/2015 11:27:04 AM,0,874.0323,1,1,1,2.003969,0,870.2096,1,1,1,1,1,1,1
 28/12/2015 11:27:05 AM,0,875.0323,1,1,1,2.003969,0,870.1295,1,1,1,1,1,1,1
 28/12/2015 11:27:06 AM,0,876.0323,1,1,1,2.003969,0,870.1696,1,1,1,1,1,1,1
 28/12/2015 11:27:07 AM,0,877.0323,1,1,1,2.003969,0,870.2096,1,1,1,1,1,1,1
 28/12/2015 11:27:08 AM,0,878.0323,1,1,1,2.003969,0,870.53,1,1,1,1,1,1,1
 28/12/2015 11:27:09 AM,0,879.0323,1,1,1,2.003969,0,870.3698,1,1,1,1,1,1,1
 28/12/2015 11:27:10 AM,0,880.0323,1,1,1,2.003969,0,870.5701,1,1,1,1,1,1,1
 28/12/2015 11:27:11 AM,0,881.0323,1,1,1,2.003969,0,870.5701,1,1,1,1,1,1,1
 28/12/2015 11:27:12 AM,0,882.0323,1,1,1,2.003969,0,870.53,1,1,1,1,1,1,1
 28/12/2015 11:27:13 AM,0,883.0323,1,1,1,2.003969,0,870.5701,1,1,1,1,1,1,1
 28/12/2015 11:27:14 AM,0,884.0323,1,1,1,2.003969,0,870.3698,1,1,1,1,1,1,1
 28/12/2015 11:27:15 AM,0,885.0323,1,1,1,2.003969,0,870.4099,1,1,1,1,1,1,1
 28/12/2015 11:27:16 AM,0,886.0323,1,1,1,2.003969,0,870.3298,1,1,1,1,1,1,1
 28/12/2015 11:27:17 AM,0,887.0323,1,1,1,2.003969,0,870.3298,1,1,1,1,1,1,1
 28/12/2015 11:27:18 AM,0,888.0323,1,1,1,2.003969,0,870.1696,1,1,1,1,1,1,1
 28/12/2015 11:27:19 AM,0,888.0323,1,1,1,2.003969,0,870.1696,1,1,1,1,1,1,1
 28/12/2015 11:27:20 AM,0,889.0323,1,1,1,2.003969,0,870.4099,1,1,1,1,1,1,1
 28/12/2015 11:27:21 AM,0,889.0323,1,1,1,2.003969,0,870.53,1,1,1,1,1,1,1
 28/12/2015 11:27:22 AM,0,890.0323,1,1,1,2.003969,0,870.4899,1,1,1,1,1,1,1
 28/12/2015 11:27:23 AM,0,892.0323,1,1,1,2.003969,0,870.4899,1,1,1,1,1,1,1
 28/12/2015 11:27:24 AM,0,893.0323,1,1,1,2.003969,0,870.8905,1,1,1,1,1,1,1
 28/12/2015 11:27:25 AM,0,894.0323,1,1,1,2.003969,0,870.5701,1,1,1,1,1,1,1
 28/12/2015 11:27:26 AM,0,895.0323,1,1,1,2.003969,0,870.9305,1,1,1,1,1,1,1
 28/12/2015 11:27:27 AM,0,896.0323,1,1,1,2.003969,0,871.0107,1,1,1,1,1,1,1
 28/12/2015 11:27:28 AM,0,897.0323,1,1,1,2.003969,0,870.9706,1,1,1,1,1,1,1
 28/12/2015 11:27:29 AM,0,898.0323,1,1,1,2.003969,0,870.6902,1,1,1,1,1,1,1
 28/12/2015 11:27:30 AM,0,898.0323,1,1,1,2.003969,0,870.6902,1,1,1,1,1,1,1
 28/12/2015 11:27:31 AM,0,899.0323,1,1,1,2.003969,0,870.8104,1,1,1,1,1,1,1
 28/12/2015 11:27:32 AM,0,900.0323,1,1,1,2.003969,0,870.7703,1,1,1,1,1,1,1
 28/12/2015 11:27:33 AM,0,901.0323,1,1,1,2.003969,0,870.8905,1,1,1,1,1,1,1
 28/12/2015 11:27:34 AM,0,902.0323,1,1,1,2.003969,0,870.9305,1,1,1,1,1,1,1
 28/12/2015 11:27:35 AM,0,903.0323,1,1,1,2.003969,0,870.3698,1,1,1,1,1,1,1
 28/12/2015 11:27:36 AM,0,904.0323,1,1,1,2.003969,0,870.8104,1,1,1,1,1,1,1
 28/12/2015 11:27:37 AM,0,905.0323,1,1,1,2.003969,0,870.6902,1,1,1,1,1,1,1
 28/12/2015 11:27:38 AM,0,906.0323,1,1,1,2.003969,0,871.0107,1,1,1,1,1,1,1
 28/12/2015 11:27:39 AM,0,907.0323,1,1,1,2.003969,0,870.8905,1,1,1,1,1,1,1
 28/12/2015 11:27:40 AM,0,908.0323,1,1,1,2.003969,0,871.1709,1,1,1,1,1,1,1
 28/12/2015 11:27:41 AM,0,909.0323,1,1,1,2.003969,0,870.9305,1,1,1,1,1,1,1
 28/12/2015 11:27:42 AM,0,910.0323,1,1,1,2.003969,0,871.0107,1,1,1,1,1,1,1
 28/12/2015 11:27:43 AM,0,911.0323,1,1,1,2.003969,0,871.4112,1,1,1,1,1,1,1
 28/12/2015 11:27:44 AM,0,911.0323,1,1,1,2.003969,0,871.1709,1,1,1,1,1,1,1
 28/12/2015 11:27:45 AM,0,913.0323,1,1,1,2.003969,0,870.8905,1,1,1,1,1,1,1
 28/12/2015 11:27:46 AM,0,913.0323,1,1,1,2.003969,0,870.7303,1,1,1,1,1,1,1
 28/12/2015 11:27:47 AM,0,913.0323,1,1,1,2.003969,0,870.7303,1,1,1,1,1,1,1
 28/12/2015 11:27:48 AM,0,915.0323,1,1,1,2.003969,0,870.7303,1,1,1,1,1,1,1
 28/12/2015 11:27:49 AM,0,916.0323,1,1,1,2.003969,0,870.9305,1,1,1,1,1,1,1
 28/12/2015 11:27:50 AM,0,917.0323,1,1,1,2.003969,0,870.6101,1,1,1,1,1,1,1
 28/12/2015 11:27:51 AM,0,917.0323,1,1,1,2.003969,0,870.7303,1,1,1,1,1,1,1
 28/12/2015 11:27:52 AM,0,918.0323,1,1,1,2.003969,0,870.6101,1,1,1,1,1,1,1
 28/12/2015 11:27:53 AM,0,919.0323,1,1,1,2.003969,0,870.8104,1,1,1,1,1,1,1
 28/12/2015 11:27:54 AM,0,920.0323,1,1,1,2.003969,0,870.9706,1,1,1,1,1,1,1
 28/12/2015 11:27:55 AM,0,921.0323,1,1,1,2.003969,0,871.291,1,1,1,1,1,1,1
 28/12/2015 11:27:56 AM,0,922.0323,1,1,1,2.003969,0,870.9706,1,1,1,1,1,1,1
 28/12/2015 11:27:57 AM,0,923.0323,1,1,1,2.003969,0,871.0908,1,1,1,1,1,1,1
 28/12/2015 11:27:58 AM,0,924.0323,1,1,1,2.003969,0,870.6902,1,1,1,1,1,1,1
 28/12/2015 11:27:59 AM,0,925.0323,1,1,1,2.003969,0,870.7303,1,1,1,1,1,1,1
 28/12/2015 11:28:00 AM,0,925.0323,1,1,1,2.003969,0,870.8905,1,1,1,1,1,1,1
 28/12/2015 10:00:00 AM,2.427057,522.8467,2,2,1,19.74838,2.206835,956.1651,1,2,1,1,1,2,0
 28/12/2015 10:00:01 AM,2.446274,522.886,2,2,1,19.74838,2.208244,956.1651,1,2,1,1,1,2,0
 28/12/2015 10:00:02 AM,2.489191,522.8467,2,2,1,19.69076,2.208628,956.4855,1,2,1,1,1,2,0
 28/12/2015 10:00:03 AM,2.53435,522.9645,2,2,1,19.69076,2.208628,956.806,1,2,1,1,1,2,0
 28/12/2015 10:00:04 AM,2.56926,523.4748,2,2,1,19.69076,2.208628,957.0864,1,2,1,1,1,2,0
 28/12/2015 10:00:05 AM,2.609294,523.8673,2,2,1,19.69076,2.207347,957.1664,1,2,1,1,1,2,0
 28/12/2015 10:00:06 AM,2.637158,524.1028,2,2,1,19.69076,2.210037,957.0062,1,2,1,1,1,2,0
 28/12/2015 10:00:07 AM,2.652211,524.2206,2,2,1,19.69076,2.210037,957.2866,1,2,1,1,1,2,0
 28/12/2015 10:00:08 AM,2.655735,524.4954,2,2,1,19.66195,2.210037,957.6071,1,2,1,1,1,2,0
 28/12/2015 10:00:09 AM,2.64997,524.0636,2,2,1,19.66195,2.210037,957.2866,1,2,1,1,1,2,0
 28/12/2015 10:00:10 AM,2.630433,524.1028,2,2,1,19.68756,2.210037,957.6071,1,2,1,1,1,2,0
 28/12/2015 10:00:11 AM,2.621785,523.7496,2,2,1,19.72598,2.210037,957.2065,1,2,1,1,1,2,0
 28/12/2015 10:00:12 AM,2.61602,523.4355,2,2,1,19.75479,2.210037,957.5269,1,2,1,1,1,2,0
 28/12/2015 10:00:13 AM,2.599366,523.043,2,2,1,19.79,2.210037,957.8875,1,2,1,1,1,2,0
 28/12/2015 10:00:14 AM,2.588476,522.729,2,2,1,19.79,2.209525,958.288,1,2,1,1,1,2,0
 28/12/2015 10:00:15 AM,2.567979,522.6505,2,2,1,19.73878,2.209525,958.288,1,2,1,1,1,2,0
 28/12/2015 10:00:16 AM,2.556769,522.6897,2,2,1,19.70997,2.207091,958.5684,1,2,1,1,1,2,0
 28/12/2015 10:00:17 AM,2.53435,522.6897,2,2,1,19.68756,2.20581,958.7286,1,2,1,1,1,2,0
 28/12/2015 10:00:18 AM,2.521859,522.6505,2,2,1,19.68756,2.205426,958.4882,1,2,1,1,1,2,0
 28/12/2015 10:00:19 AM,2.502642,522.6897,2,2,1,19.68756,2.205426,958.5684,1,2,1,1,1,2,0
 28/12/2015 10:00:20 AM,2.489191,522.729,2,2,1,19.68756,2.207347,958.8087,1,2,1,1,1,2,0
 28/12/2015 10:00:21 AM,2.473497,522.5327,2,2,1,19.68756,2.208628,958.5684,1,2,1,1,1,2,0
 28/12/2015 10:00:22 AM,2.458764,522.886,2,2,1,19.57872,2.208628,958.6084,1,2,1,1,1,2,0
 28/12/2015 10:00:23 AM,2.444031,523.4355,2,2,1,19.57232,2.208628,958.328,1,2,1,1,1,2,0
 28/12/2015 10:00:24 AM,2.434744,523.671,2,2,1,19.55311,2.211318,958.368,1,2,1,1,1,2,0
 28/12/2015 10:00:25 AM,2.423854,523.7496,2,2,1,19.55311,2.211318,958.1678,1,2,1,1,1,2,0
 28/12/2015 10:00:26 AM,2.421932,523.8281,2,2,1,19.60433,2.211318,958.1277,1,2,1,1,1,2,0
 28/12/2015 10:00:27 AM,2.425776,524.2598,2,2,1,19.60753,2.212215,958.0076,1,2,1,1,1,2,0
 28/12/2015 10:00:28 AM,2.471575,524.1421,2,2,1,19.65555,2.212215,957.9275,1,2,1,1,1,2,0
 28/12/2015 10:00:29 AM,2.527624,524.2598,2,2,1,19.68756,2.212215,957.6071,1,2,1,1,1,2,0
 28/12/2015 10:00:30 AM,2.554847,524.6523,2,2,1,19.68756,2.212215,957.6871,1,2,1,1,1,2,0
 28/12/2015 10:00:31 AM,2.598725,524.3383,2,2,1,19.68756,2.212215,957.3667,1,2,1,1,1,2,0
 28/12/2015 10:00:32 AM,2.639721,524.5346,2,2,1,19.68756,2.212215,957.7673,1,2,1,1,1,2,0
 28/12/2015 10:00:33 AM,2.667585,524.2991,2,2,1,19.68756,2.212215,957.4869,1,2,1,1,1,2,0
 28/12/2015 10:00:34 AM,2.673029,524.2991,2,2,1,19.68756,2.212215,957.7272,1,2,1,1,1,2,0
 28/12/2015 10:00:35 AM,2.653172,524.2206,2,2,1,19.74838,2.209909,958.0076,1,2,1,1,1,2,0
 28/12/2015 10:00:36 AM,2.629152,524.4561,2,2,1,19.74838,2.209653,958.288,1,2,1,1,1,2,0
 28/12/2015 10:00:37 AM,2.622105,524.4561,2,2,1,19.74838,2.209653,958.2078,1,2,1,1,1,2,0
 28/12/2015 10:00:38 AM,2.619543,524.8486,2,2,1,19.74838,2.209653,958.4882,1,2,1,1,1,2,0
 28/12/2015 10:00:39 AM,2.606412,525.3982,2,2,1,19.68436,2.209653,958.328,1,2,1,1,1,2,0
 28/12/2015 10:00:40 AM,2.589117,525.3196,2,2,1,19.65555,2.209653,958.6084,1,2,1,1,1,2,0
 28/12/2015 10:00:41 AM,2.574704,525.5159,2,2,1,19.62994,2.209653,958.9689,1,2,1,1,1,2,0
 28/12/2015 10:00:42 AM,2.556129,525.6729,2,2,1,19.62033,2.209653,959.0891,1,2,1,1,1,2,0
 28/12/2015 10:00:43 AM,2.545559,525.9084,2,2,1,19.62033,2.209653,959.1691,1,2,1,1,1,2,0
 28/12/2015 10:00:44 AM,2.524741,525.7907,2,2,1,19.67796,2.209653,959.4095,1,2,1,1,1,2,0
 28/12/2015 10:00:45 AM,2.512891,525.9084,2,2,1,19.67796,2.210678,959.4896,1,2,1,1,1,2,0
 28/12/2015 10:00:46 AM,2.495276,525.7122,2,2,1,19.67796,2.2126,959.8901,1,2,1,1,1,2,0
 28/12/2015 10:00:47 AM,2.480863,525.5944,2,2,1,19.62354,2.213496,959.8901,1,2,1,1,1,2,0
 28/12/2015 10:00:48 AM,2.460366,525.3196,2,2,1,19.62354,2.213496,959.8901,1,2,1,1,1,2,0
 28/12/2015 10:00:49 AM,2.448195,525.3982,2,2,1,19.63954,2.212856,959.6898,1,2,1,1,1,2,0
 28/12/2015 10:00:50 AM,2.431221,525.5944,2,2,1,19.65235,2.212215,959.9702,1,2,1,1,1,2,0
 28/12/2015 10:00:51 AM,2.420331,525.5944,2,2,1,19.65235,2.210678,959.81,1,2,1,1,1,2,0
 28/12/2015 10:00:52 AM,2.420331,525.3982,2,2,1,19.65235,2.210678,960.1304,1,2,1,1,1,2,0
 28/12/2015 10:00:53 AM,2.435384,525.7122,2,2,1,19.65235,2.21055,960.1304,1,2,1,1,1,2,0
 28/12/2015 10:00:54 AM,2.481504,525.6729,2,2,1,19.70357,2.209397,960.0103,1,2,1,1,1,2,0
 28/12/2015 10:00:55 AM,2.519617,525.5944,2,2,1,19.70357,2.208884,960.1705,1,2,1,1,1,2,0
 28/12/2015 10:00:56 AM,2.554847,525.5944,2,2,1,19.70357,2.208884,960.0904,1,2,1,1,1,2,0
 28/12/2015 10:00:57 AM,2.602569,525.5159,2,2,1,19.75479,2.208884,959.81,1,2,1,1,1,2,0
 28/12/2015 10:00:58 AM,2.632995,525.5159,2,2,1,19.75479,2.208884,959.6097,1,2,1,1,1,2,0
 28/12/2015 10:00:59 AM,2.649329,525.5944,2,2,1,19.70677,2.207347,959.7299,1,2,1,1,1,2,0
 28/12/2015 10:01:00 AM,2.656375,525.5159,2,2,1,19.69076,2.20645,959.6898,1,2,1,1,1,2,0
 28/12/2015 10:01:01 AM,2.652211,525.1234,2,2,1,19.65235,2.20645,959.6898,1,2,1,1,1,2,0
 28/12/2015 10:01:02 AM,2.636838,525.2019,2,2,1,19.65235,2.20645,959.7299,1,2,1,1,1,2,0
 28/12/2015 10:01:03 AM,2.625628,525.2411,2,2,1,19.70357,2.20645,959.5296,1,2,1,1,1,2,0
 28/12/2015 10:01:04 AM,2.620504,524.8094,2,2,1,19.74198,2.20645,959.6097,1,2,1,1,1,2,0
 28/12/2015 10:01:05 AM,2.610575,524.4561,2,2,1,19.69076,2.20645,959.3293,1,2,1,1,1,2,0
 28/12/2015 10:01:06 AM,2.595202,524.0243,2,2,1,19.67476,2.209525,959.3694,1,2,1,1,1,2,0
 28/12/2015 10:01:07 AM,2.575345,523.9458,2,2,1,19.67476,2.210166,959.5697,1,2,1,1,1,2,0
 28/12/2015 10:01:08 AM,2.561253,523.8281,2,2,1,19.67476,2.212856,959.6898,1,2,1,1,1,2,0
 28/12/2015 10:01:09 AM,2.561253,523.8281,2,2,1,19.67476,2.212856,959.6898,1,2,1,1,1,2,0
 28/12/2015 10:01:10 AM,2.542677,524.1421,2,2,1,19.67476,2.212856,959.5697,1,2,1,1,1,2,0
 28/12/2015 10:01:11 AM,2.528905,524.3383,2,2,1,19.61073,2.212856,959.9702,1,2,1,1,1,2,0
 28/12/2015 10:01:12 AM,2.51193,524.6131,2,2,1,19.57552,2.211318,960.1705,1,2,1,1,1,2,0
 28/12/2015 10:01:13 AM,2.497518,524.6916,2,2,1,19.55631,2.21055,959.9702,1,2,1,1,1,2,0
 28/12/2015 10:01:14 AM,2.473817,524.4561,2,2,1,19.55631,2.21055,960.1705,1,2,1,1,1,2,0
 28/12/2015 10:01:15 AM,2.463248,524.7309,2,2,1,19.59472,2.21055,960.3307,1,2,1,1,1,2,0
 28/12/2015 10:01:16 AM,2.44179,524.6916,2,2,1,19.62354,2.21055,959.9702,1,2,1,1,1,2,0
 28/12/2015 10:01:17 AM,2.431221,525.0842,2,2,1,19.64274,2.21055,960.0103,1,2,1,1,1,2,0
 28/12/2015 10:01:18 AM,2.421932,525.2411,2,2,1,19.64274,2.208756,960.1304,1,2,1,1,1,2,0
 28/12/2015 10:01:19 AM,2.420011,525.5159,2,2,1,19.64274,2.208756,959.9702,1,2,1,1,1,2,0
 28/12/2015 10:01:20 AM,2.447875,525.3196,2,2,1,19.65555,2.208756,960.3708,1,2,1,1,1,2,0
 28/12/2015 10:01:21 AM,2.500721,526.0262,2,2,1,19.65555,2.208756,960.2506,1,2,1,1,1,2,0
 28/12/2015 10:01:22 AM,2.543958,526.4973,2,2,1,19.65555,2.208756,960.0904,1,2,1,1,1,2,0
 28/12/2015 10:01:23 AM,2.570861,526.8898,2,2,1,19.65555,2.208756,959.8901,1,2,1,1,1,2,0
 28/12/2015 10:01:24 AM,2.614739,527.2038,2,2,1,19.65555,2.208756,959.8901,1,2,1,1,1,2,0
 28/12/2015 10:01:25 AM,2.645806,527.3608,2,2,1,19.65555,2.208756,960.0103,1,2,1,1,1,2,0
 28/12/2015 10:01:26 AM,2.665023,527.4786,2,2,1,19.65555,2.208756,959.8901,1,2,1,1,1,2,0
 28/12/2015 10:01:27 AM,2.666944,527.7534,2,2,1,19.65555,2.208756,959.5296,1,2,1,1,1,2,0
 28/12/2015 10:01:28 AM,2.6394,528.2244,2,2,1,19.65555,2.209653,959.4896,1,2,1,1,1,2,0
 28/12/2015 10:01:29 AM,2.620824,527.8711,2,2,1,19.60433,2.209653,959.5697,1,2,1,1,1,2,0
 28/12/2015 10:01:30 AM,2.61634,528.0281,2,2,1,19.60433,2.209653,959.5697,1,2,1,1,1,2,0
 28/12/2015 10:01:31 AM,2.61602,527.7534,2,2,1,19.60433,2.212215,959.4095,1,2,1,1,1,2,0
 28/12/2015 10:01:32 AM,2.609294,527.4393,2,2,1,19.64274,2.212215,959.77,1,2,1,1,1,2,0
 28/12/2015 10:01:33 AM,2.584313,527.2823,2,2,1,19.65875,2.212343,960.0904,1,2,1,1,1,2,0
 28/12/2015 10:01:34 AM,2.572463,527.2823,2,2,1,19.65875,2.212343,960.0103,1,2,1,1,1,2,0
 28/12/2015 10:01:35 AM,2.554847,527.3608,2,2,1,19.65875,2.212343,959.9302,1,2,1,1,1,2,0
 28/12/2015 10:01:36 AM,2.542036,526.8113,2,2,1,19.64594,2.212343,960.2506,1,2,1,1,1,2,0
 28/12/2015 10:01:37 AM,2.520257,526.5757,2,2,1,19.62354,2.212343,960.531,1,2,1,1,1,2,0
 28/12/2015 10:01:38 AM,2.508407,525.8692,2,2,1,19.62354,2.21055,960.3307,1,2,1,1,1,2,0
 28/12/2015 10:01:39 AM,2.491112,525.3982,2,2,1,19.66195,2.209525,960.2106,1,2,1,1,1,2,0
 28/12/2015 10:01:40 AM,2.476059,525.0842,2,2,1,19.66195,2.209525,960.3708,1,2,1,1,1,2,0
 28/12/2015 10:01:41 AM,2.460045,524.8879,2,2,1,19.55631,2.209525,960.2106,1,2,1,1,1,2,0
 28/12/2015 10:01:42 AM,2.445953,524.4561,2,2,1,19.50509,2.209525,960.2506,1,2,1,1,1,2,0
 28/12/2015 10:01:43 AM,2.42994,524.1028,2,2,1,19.50509,2.209525,960.4509,1,2,1,1,1,2,0
 28/12/2015 10:01:44 AM,2.428658,524.0636,2,2,1,19.59793,2.209525,960.4108,1,2,1,1,1,2,0
 28/12/2015 10:01:45 AM,2.426737,523.8673,2,2,1,19.59793,2.209525,960.3307,1,2,1,1,1,2,0
 28/12/2015 10:01:46 AM,2.444992,523.4748,2,2,1,19.65555,2.209525,960.3708,1,2,1,1,1,2,0
 28/12/2015 10:01:47 AM,2.492714,523.3177,2,2,1,19.69076,2.211447,959.8901,1,2,1,1,1,2,0
 28/12/2015 10:01:48 AM,2.533709,523.4355,2,2,1,19.69076,2.211447,959.8901,1,2,1,1,1,2,0
 28/12/2015 10:01:49 AM,2.574064,523.0823,2,2,1,19.69076,2.211447,960.1304,1,2,1,1,1,2,0
 28/12/2015 10:01:50 AM,2.602569,523.1608,2,2,1,19.69076,2.209653,960.1304,1,2,1,1,1,2,0
 28/12/2015 10:01:51 AM,2.637158,523.2393,2,2,1,19.73238,2.209525,959.7299,1,2,1,1,1,2,0
 28/12/2015 10:01:52 AM,2.654774,523.514,2,2,1,19.74838,2.209525,959.6097,1,2,1,1,1,2,0
 28/12/2015 10:01:53 AM,2.66214,523.8673,2,2,1,19.74838,2.210166,959.7299,1,2,1,1,1,2,0
 28/12/2015 10:01:54 AM,2.647407,524.2206,2,2,1,19.74838,2.210166,959.5697,1,2,1,1,1,2,0
 28/12/2015 10:01:55 AM,2.630433,524.2206,2,2,1,19.70037,2.210166,959.77,1,2,1,1,1,2,0
 28/12/2015 10:01:56 AM,2.622426,524.0636,2,2,1,19.65555,2.212215,960.2106,1,2,1,1,1,2,0
 28/12/2015 10:01:57 AM,2.620184,523.9458,2,2,1,19.65555,2.212215,960.4108,1,2,1,1,1,2,0
 28/12/2015 10:01:58 AM,2.608013,523.4748,2,2,1,19.65555,2.212215,960.6111,1,2,1,1,1,2,0
 28/12/2015 10:01:59 AM,2.586875,523.5533,2,2,1,19.65555,2.2126,961.0116,1,2,1,1,1,2,0
 28/12/2015 10:02:00 AM,2.574064,523.8281,2,2,1,19.63954,2.2126,960.8113,1,2,1,1,1,2,0
 28/12/2015 10:02:01 AM,2.560292,523.7496,2,2,1,19.62033,2.2126,960.8113,1,2,1,1,1,2,0
 28/12/2015 10:02:02 AM,2.541716,524.0636,2,2,1,19.62033,2.2126,960.7713,1,2,1,1,1,2,0
 28/12/2015 10:02:03 AM,2.520898,524.5346,2,2,1,19.67796,2.2126,960.6111,1,2,1,1,1,2,0
 28/12/2015 10:02:04 AM,2.509688,524.5346,2,2,1,19.67796,2.2126,960.571,1,2,1,1,1,2,0
 28/12/2015 10:02:05 AM,2.487269,525.0056,2,2,1,19.67796,2.2126,960.6511,1,2,1,1,1,2,0
 28/12/2015 10:02:06 AM,2.46581,525.5944,2,2,1,19.74198,2.2126,961.0517,1,2,1,1,1,2,0
 28/12/2015 10:02:07 AM,2.455241,525.9084,2,2,1,19.74198,2.2126,960.9716,1,2,1,1,1,2,0
 28/12/2015 10:02:08 AM,2.439868,525.9869,2,2,1,19.74198,2.2126,961.2119,1,2,1,1,1,2,0
 28/12/2015 10:02:09 AM,2.428338,526.0655,2,2,1,19.74198,2.210294,961.1318,1,2,1,1,1,2,0
 28/12/2015 10:02:10 AM,2.427057,526.0655,2,2,1,19.74198,2.210294,961.1318,1,2,1,1,1,2,0
 28/12/2015 10:02:11 AM,2.424174,526.8898,2,2,1,19.74198,2.210294,961.332,1,2,1,1,1,2,0
 28/12/2015 10:02:12 AM,2.452359,527.1646,2,2,1,19.70677,2.212343,961.5724,1,2,1,1,1,2,0
 28/12/2015 10:02:13 AM,2.501041,527.6748,2,2,1,19.62994,2.213368,961.8127,1,2,1,1,1,2,0
 28/12/2015 10:02:14 AM,2.550043,527.5571,2,2,1,19.60433,2.213368,961.8127,1,2,1,1,1,2,0
 28/12/2015 10:02:15 AM,2.576306,527.4001,2,2,1,19.58832,2.210678,962.4536,1,2,1,1,1,2,0
 28/12/2015 10:02:16 AM,2.619223,526.8505,2,2,1,19.58832,2.210678,962.5337,1,2,1,1,1,2,0
 28/12/2015 10:02:17 AM,2.644525,526.8505,2,2,1,19.58832,2.21324,962.7339,1,2,1,1,1,2,0
 28/12/2015 10:02:18 AM,2.668225,526.2617,2,2,1,19.66195,2.212343,962.774,1,2,1,1,1,2,0
 28/12/2015 10:02:19 AM,2.668225,526.2617,2,2,1,19.66195,2.212343,962.774,1,2,1,1,1,2,0
 28/12/2015 10:02:20 AM,2.671748,525.5944,2,2,1,19.66195,2.21055,962.6538,1,2,1,1,1,2,0
 28/12/2015 10:02:21 AM,2.652852,525.3982,2,2,1,19.70037,2.209525,963.2146,1,2,1,1,1,2,0
 28/12/2015 10:02:22 AM,2.632034,524.8879,2,2,1,19.70037,2.209525,963.8555,1,2,1,1,1,2,0
 28/12/2015 10:02:23 AM,2.628831,524.7309,2,2,1,19.70037,2.209525,964.0557,1,2,1,1,1,2,0
 28/12/2015 10:02:24 AM,2.628511,524.8879,2,2,1,19.71637,2.209525,963.9355,1,2,1,1,1,2,0
 28/12/2015 10:02:25 AM,2.61602,525.1234,2,2,1,19.73558,2.209525,963.8555,1,2,1,1,1,2,0
 28/12/2015 10:02:26 AM,2.597124,525.2019,2,2,1,19.73558,2.209525,963.535,1,2,1,1,1,2,0
 28/12/2015 10:02:27 AM,2.575986,525.2804,2,2,1,19.73558,2.209525,963.2146,1,2,1,1,1,2,0
 28/12/2015 10:02:28 AM,2.559331,525.3196,2,2,1,19.73558,2.209525,963.6552,1,2,1,1,1,2,0
 28/12/2015 10:02:29 AM,2.542677,525.4374,2,2,1,19.73558,2.208756,963.6151,1,2,1,1,1,2,0
 28/12/2015 10:02:30 AM,2.52314,525.4767,2,2,1,19.73558,2.208116,963.6552,1,2,1,1,1,2,0
 28/12/2015 10:02:31 AM,2.509048,525.83,2,2,1,19.69396,2.208116,964.1759,1,2,1,1,1,2,0
 28/12/2015 10:02:32 AM,2.495596,525.7907,2,2,1,19.68756,2.208116,963.9355,1,2,1,1,1,2,0
 28/12/2015 10:02:33 AM,2.483426,525.83,2,2,1,19.68756,2.208884,963.7353,1,2,1,1,1,2,0
 28/12/2015 10:02:34 AM,2.46549,525.8692,2,2,1,19.74198,2.209653,964.256,1,2,1,1,1,2,0
 28/12/2015 10:02:35 AM,2.450758,525.9869,2,2,1,19.74198,2.209653,964.3762,1,2,1,1,1,2,0
 28/12/2015 10:02:36 AM,2.429619,525.9084,2,2,1,19.74198,2.2126,964.5764,1,2,1,1,1,2,0
 28/12/2015 10:02:37 AM,2.421932,526.1047,2,2,1,19.74198,2.212728,964.256,1,2,1,1,1,2,0
 28/12/2015 10:02:38 AM,2.420651,526.2617,2,2,1,19.74198,2.21324,963.8555,1,2,1,1,1,2,0
 28/12/2015 10:02:39 AM,2.420651,526.4188,2,2,1,19.74198,2.21324,963.8154,1,2,1,1,1,2,0
 28/12/2015 10:02:40 AM,2.463248,526.301,2,2,1,19.74198,2.21324,963.3748,1,2,1,1,1,2,0
 28/12/2015 10:02:41 AM,2.510009,526.1047,2,2,1,19.89884,2.21324,963.2546,1,2,1,1,1,2,0
 28/12/2015 10:02:42 AM,2.555488,525.8692,2,2,1,19.90845,2.21324,963.4549,1,2,1,1,1,2,0
 28/12/2015 10:02:43 AM,2.593921,525.7907,2,2,1,19.90845,2.209525,963.2146,1,2,1,1,1,2,0
 28/12/2015 10:02:44 AM,2.625628,525.2804,2,2,1,19.90845,2.209525,963.6151,1,2,1,1,1,2,0
 28/12/2015 10:02:45 AM,2.642923,525.0842,2,2,1,19.80601,2.209525,963.4149,1,2,1,1,1,2,0
 28/12/2015 10:02:46 AM,2.657656,525.0056,2,2,1,19.7964,2.209525,963.3748,1,2,1,1,1,2,0
 28/12/2015 10:02:47 AM,2.657656,524.9271,2,2,1,19.7964,2.209525,963.2546,1,2,1,1,1,2,0
 28/12/2015 10:02:48 AM,2.634917,525.4767,2,2,1,19.7964,2.209525,963.3347,1,2,1,1,1,2,0
 28/12/2015 10:02:49 AM,2.625628,525.4767,2,2,1,19.7964,2.209525,963.2146,1,2,1,1,1,2,0
 28/12/2015 10:02:50 AM,2.624027,525.7122,2,2,1,19.68756,2.210806,963.1745,1,2,1,1,1,2,0
 28/12/2015 10:02:51 AM,2.612177,525.8692,2,2,1,19.68756,2.212728,963.3347,1,2,1,1,1,2,0
 28/12/2015 10:02:52 AM,2.59232,526.1832,2,2,1,19.68756,2.212728,963.6151,1,2,1,1,1,2,0
 28/12/2015 10:02:53 AM,2.575665,526.3795,2,2,1,19.68756,2.212728,963.3748,1,2,1,1,1,2,0
 28/12/2015 10:02:54 AM,2.554527,526.615,2,2,1,19.68756,2.211831,963.7353,1,2,1,1,1,2,0
 28/12/2015 10:02:55 AM,2.535951,526.5757,2,2,1,19.68756,2.210294,963.7353,1,2,1,1,1,2,0
 28/12/2015 10:02:56 AM,2.520257,526.6542,2,2,1,19.68756,2.210166,963.535,1,2,1,1,1,2,0
 28/12/2015 10:02:57 AM,2.501041,526.8113,2,2,1,19.71957,2.210934,963.6151,1,2,1,1,1,2,0
 28/12/2015 10:02:58 AM,2.48823,527.2038,2,2,1,19.74198,2.213368,963.9756,1,2,1,1,1,2,0
 28/12/2015 10:02:59 AM,2.468693,527.1646,2,2,1,19.74198,2.213368,964.4562,1,2,1,1,1,2,0
 28/12/2015 10:03:00 AM,2.451078,527.5571,2,2,1,19.74198,2.213368,964.8568,1,2,1,1,1,2,0
 28/12/2015 10:03:01 AM,2.440188,527.8318,2,2,1,19.72598,2.213368,965.2573,1,2,1,1,1,2,0
 28/12/2015 10:03:02 AM,2.429619,527.8318,2,2,1,19.72598,2.214137,965.5778,1,2,1,1,1,2,0
 28/12/2015 10:03:03 AM,2.426737,528.3421,2,2,1,19.72598,2.214137,965.778,1,2,1,1,1,2,0
 28/12/2015 10:03:04 AM,2.428018,528.2636,2,2,1,19.74838,2.211575,965.6178,1,2,1,1,1,2,0
 28/12/2015 10:03:05 AM,2.480863,528.2244,2,2,1,19.77079,2.210166,965.9382,1,2,1,1,1,2,0
 28/12/2015 10:03:06 AM,2.528264,528.0674,2,2,1,19.77079,2.210166,965.8582,1,2,1,1,1,2,0
 28/12/2015 10:03:07 AM,2.56958,528.0674,2,2,1,19.73878,2.210166,965.5778,1,2,1,1,1,2,0
 28/12/2015 10:03:08 AM,2.601287,528.3421,2,2,1,19.70037,2.212984,965.4576,1,2,1,1,1,2,0
 28/12/2015 10:03:09 AM,2.644525,528.4207,2,2,1,19.65875,2.212984,965.3375,1,2,1,1,1,2,0
 28/12/2015 10:03:10 AM,2.665663,528.1851,2,2,1,19.64274,2.212984,965.3375,1,2,1,1,1,2,0
 28/12/2015 10:03:11 AM,2.670788,527.8711,2,2,1,19.64274,2.212984,965.3775,1,2,1,1,1,2,0
 28/12/2015 10:03:12 AM,2.656055,528.1459,2,2,1,19.64274,2.213624,965.1772,1,2,1,1,1,2,0
 28/12/2015 10:03:13 AM,2.633315,527.4001,2,2,1,19.64274,2.213624,965.1772,1,2,1,1,1,2,0
 28/12/2015 10:03:14 AM,2.624027,527.1646,2,2,1,19.64274,2.213624,964.9369,1,2,1,1,1,2,0
 28/12/2015 10:03:15 AM,2.623387,527.4001,2,2,1,19.64274,2.213624,965.0571,1,2,1,1,1,2,0
 28/12/2015 10:03:16 AM,2.617942,527.4786,2,2,1,19.65875,2.213624,965.1772,1,2,1,1,1,2,0
 28/12/2015 10:03:17 AM,2.596163,527.2038,2,2,1,19.67155,2.213624,964.9369,1,2,1,1,1,2,0
 28/12/2015 10:03:18 AM,2.578548,527.3608,2,2,1,19.67796,2.213624,964.8167,1,2,1,1,1,2,0
 28/12/2015 10:03:19 AM,2.561573,527.1646,2,2,1,19.67796,2.213624,964.7767,1,2,1,1,1,2,0
 28/12/2015 10:03:20 AM,2.54652,526.8898,2,2,1,19.67796,2.214906,964.9369,1,2,1,1,1,2,0
 28/12/2015 10:03:21 AM,2.52282,526.772,2,2,1,19.67796,2.214906,965.0571,1,2,1,1,1,2,0
 28/12/2015 10:03:22 AM,2.503283,526.4973,2,2,1,19.67796,2.212343,965.0571,1,2,1,1,1,2,0
 28/12/2015 10:03:23 AM,2.485027,526.301,2,2,1,19.70037,2.212343,965.3775,1,2,1,1,1,2,0
 28/12/2015 10:03:24 AM,2.467092,526.0262,2,2,1,19.73238,2.209525,965.4576,1,2,1,1,1,2,0
 28/12/2015 10:03:25 AM,2.452679,526.0262,2,2,1,19.73238,2.209269,965.5778,1,2,1,1,1,2,0
 28/12/2015 10:03:26 AM,2.436345,525.83,2,2,1,19.67476,2.208372,965.6178,1,2,1,1,1,2,0
 28/12/2015 10:03:27 AM,2.428979,525.4767,2,2,1,19.64594,2.207731,966.1385,1,2,1,1,1,2,0
 28/12/2015 10:03:28 AM,2.423534,525.5944,2,2,1,19.64594,2.207731,966.3788,1,2,1,1,1,2,0
 28/12/2015 10:03:29 AM,2.423534,525.6729,2,2,1,19.67476,2.207731,966.4189,1,2,1,1,1,2,0
 28/12/2015 10:03:30 AM,2.45428,525.7907,2,2,1,19.69396,2.209653,966.8595,1,2,1,1,1,2,0
 28/12/2015 10:03:31 AM,2.45428,525.7907,2,2,1,19.69396,2.209653,966.8595,1,2,1,1,1,2,0
 28/12/2015 10:03:32 AM,2.490792,525.6729,2,2,1,19.73878,2.209653,966.9396,1,2,1,1,1,2,0
 28/12/2015 10:03:33 AM,2.535951,526.1047,2,2,1,19.74838,2.209653,967.0598,1,2,1,1,1,2,0
 28/12/2015 10:03:34 AM,2.5699,526.2617,2,2,1,19.74838,2.209653,967.0197,1,2,1,1,1,2,0
 28/12/2015 10:03:35 AM,2.611536,526.8113,2,2,1,19.74838,2.210934,967.22,1,2,1,1,1,2,0
 28/12/2015 10:03:36 AM,2.633315,527.3608,2,2,1,19.72598,2.212343,967.0197,1,2,1,1,1,2,0
 28/12/2015 10:03:37 AM,2.652211,528.1459,2,2,1,19.71957,2.21324,967.3802,1,2,1,1,1,2,0
 28/12/2015 10:03:38 AM,2.655414,528.2636,2,2,1,19.71957,2.214649,967.26,1,2,1,1,1,2,0
 28/12/2015 10:03:39 AM,2.642603,528.4207,2,2,1,19.71957,2.210678,967.0197,1,2,1,1,1,2,0
 28/12/2015 10:03:40 AM,2.626589,528.4207,2,2,1,19.71957,2.209397,967.22,1,2,1,1,1,2,0
 28/12/2015 10:03:41 AM,2.619223,528.1459,2,2,1,19.71957,2.209397,967.1398,1,2,1,1,1,2,0
 28/12/2015 10:03:42 AM,2.616981,527.8318,2,2,1,19.68756,2.211575,967.3802,1,2,1,1,1,2,0
 28/12/2015 10:03:43 AM,2.598725,527.243,2,2,1,19.68756,2.212728,967.3802,1,2,1,1,1,2,0
 28/12/2015 10:03:44 AM,2.584313,526.6542,2,2,1,19.73558,2.212728,967.0598,1,2,1,1,1,2,0
 28/12/2015 10:03:45 AM,2.561573,525.9869,2,2,1,19.75479,2.210037,966.7393,1,2,1,1,1,2,0
 28/12/2015 10:03:46 AM,2.549082,525.83,2,2,1,19.76439,2.210037,966.3388,1,2,1,1,1,2,0
 28/12/2015 10:03:47 AM,2.530827,525.83,2,2,1,19.7836,2.210037,966.0184,1,2,1,1,1,2,0
 28/12/2015 10:03:48 AM,2.510009,526.0262,2,2,1,19.73238,2.211575,965.9382,1,2,1,1,1,2,0
 28/12/2015 10:03:49 AM,2.492073,526.0262,2,2,1,19.72598,2.213496,966.1786,1,2,1,1,1,2,0
 28/12/2015 10:03:50 AM,2.471255,526.1832,2,2,1,19.72598,2.213496,966.2587,1,2,1,1,1,2,0
 28/12/2015 10:03:51 AM,2.452359,526.4188,2,2,1,19.72598,2.21119,966.1786,1,2,1,1,1,2,0
 28/12/2015 10:03:52 AM,2.436345,526.2617,2,2,1,19.72598,2.21119,966.0184,1,2,1,1,1,2,0
 28/12/2015 10:03:53 AM,2.43026,526.0655,2,2,1,19.70037,2.21119,966.5391,1,2,1,1,1,2,0
 28/12/2015 10:03:54 AM,2.428338,526.2617,2,2,1,19.70037,2.21119,966.4189,1,2,1,1,1,2,0
 28/12/2015 10:03:55 AM,2.438587,525.9084,2,2,1,19.70037,2.210037,966.5791,1,2,1,1,1,2,0
 28/12/2015 10:03:56 AM,2.48791,525.4767,2,2,1,19.70037,2.210037,966.8595,1,2,1,1,1,2,0
 28/12/2015 10:03:57 AM,2.536912,524.9271,2,2,1,19.75479,2.210037,966.7794,1,2,1,1,1,2,0
 28/12/2015 10:03:58 AM,2.582711,524.9271,2,2,1,19.7804,2.210037,967.3401,1,2,1,1,1,2,0
 28/12/2015 10:03:59 AM,2.614739,525.2411,2,2,1,19.7804,2.210037,967.6606,1,2,1,1,1,2,0
 28/12/2015 10:04:00 AM,2.653813,525.8692,2,2,1,19.7804,2.210037,967.9409,1,2,1,1,1,2,0
 28/12/2015 10:04:01 AM,2.671428,526.458,2,2,1,19.7804,2.210037,968.0611,1,2,1,1,1,2,0
 28/12/2015 10:04:02 AM,2.675592,526.615,2,2,1,19.75159,2.211959,968.2213,1,2,1,1,1,2,0
 28/12/2015 10:04:03 AM,2.649329,526.9683,2,2,1,19.69076,2.213496,968.2614,1,2,1,1,1,2,0
 28/12/2015 10:04:04 AM,2.625628,527.3608,2,2,1,19.65235,2.213496,968.6218,1,2,1,1,1,2,0
 28/12/2015 10:04:05 AM,2.620824,527.6356,2,2,1,19.65235,2.213368,968.3815,1,2,1,1,1,2,0
 28/12/2015 10:04:06 AM,2.620504,528.0674,2,2,1,19.62674,2.211575,968.5818,1,2,1,1,1,2,0
 28/12/2015 10:04:07 AM,2.608334,528.2636,2,2,1,19.62674,2.209397,968.9824,1,2,1,1,1,2,0
 28/12/2015 10:04:08 AM,2.583992,528.0281,2,2,1,19.62674,2.209397,969.1426,1,2,1,1,1,2,0
 28/12/2015 10:04:09 AM,2.571182,527.8711,2,2,1,19.65555,2.212728,969.1826,1,2,1,1,1,2,0
 28/12/2015 10:04:10 AM,2.548762,527.8318,2,2,1,19.70037,2.212728,968.9824,1,2,1,1,1,2,0
 28/12/2015 10:04:11 AM,2.535631,527.6356,2,2,1,19.70037,2.212728,968.8622,1,2,1,1,1,2,0
 28/12/2015 10:04:12 AM,2.510329,527.7534,2,2,1,19.67796,2.210934,968.2213,1,2,1,1,1,2,0
 28/12/2015 10:04:13 AM,2.502642,527.7534,2,2,1,19.66195,2.210934,967.7407,1,2,1,1,1,2,0
 28/12/2015 10:04:14 AM,2.484707,528.4207,2,2,1,19.66195,2.210934,967.7407,1,2,1,1,1,2,0
 28/12/2015 10:04:15 AM,2.470614,528.5384,2,2,1,19.72598,2.210678,968.0611,1,2,1,1,1,2,0
 28/12/2015 10:04:16 AM,2.450437,528.1851,2,2,1,19.72598,2.210678,968.3815,1,2,1,1,1,2,0
 28/12/2015 10:04:17 AM,2.435384,527.6356,2,2,1,19.73558,2.210678,968.6619,1,2,1,1,1,2,0
 28/12/2015 10:04:18 AM,2.43058,527.6748,2,2,1,19.70997,2.210678,968.4216,1,2,1,1,1,2,0
 28/12/2015 10:04:19 AM,2.43058,527.8711,2,2,1,19.64594,2.210678,968.1412,1,2,1,1,1,2,0
 28/12/2015 10:04:20 AM,2.458444,527.9496,2,2,1,19.62033,2.212087,967.8608,1,2,1,1,1,2,0
 28/12/2015 10:04:21 AM,2.501681,527.5571,2,2,1,19.62033,2.212984,968.3415,1,2,1,1,1,2,0
 28/12/2015 10:04:22 AM,2.540755,527.243,2,2,1,19.62033,2.213496,968.2213,1,2,1,1,1,2,0
 28/12/2015 10:04:23 AM,2.577587,527.4393,2,2,1,19.62033,2.214137,968.6218,1,2,1,1,1,2,0
 28/12/2015 10:04:24 AM,2.6157,527.7534,2,2,1,19.64594,2.214137,968.5818,1,2,1,1,1,2,0
 28/12/2015 10:04:25 AM,2.637799,527.9496,2,2,1,19.66835,2.214137,968.6218,1,2,1,1,1,2,0
 28/12/2015 10:04:26 AM,2.656055,527.7534,2,2,1,19.66835,2.214137,968.742,1,2,1,1,1,2,0
 28/12/2015 10:04:27 AM,2.658617,527.4393,2,2,1,19.66835,2.214137,968.8221,1,2,1,1,1,2,0
 28/12/2015 10:04:28 AM,2.638119,527.4393,2,2,1,19.70677,2.212856,968.9824,1,2,1,1,1,2,0
 28/12/2015 10:04:29 AM,2.624027,527.6748,2,2,1,19.74198,2.2126,968.8221,1,2,1,1,1,2,0
 28/12/2015 10:04:30 AM,2.620184,527.5963,2,2,1,19.77399,2.2126,968.8622,1,2,1,1,1,2,0
 28/12/2015 10:04:31 AM,2.609935,527.9496,2,2,1,19.77399,2.211447,969.5831,1,2,1,1,1,2,0
 28/12/2015 10:04:32 AM,2.598085,527.8711,2,2,1,19.76439,2.209653,969.463,1,2,1,1,1,2,0
 28/12/2015 10:04:33 AM,2.572783,527.7926,2,2,1,19.76439,2.208884,969.3829,1,2,1,1,1,2,0
 28/12/2015 10:04:34 AM,2.561573,527.8711,2,2,1,19.73238,2.208884,969.3428,1,2,1,1,1,2,0
 28/12/2015 10:04:35 AM,2.541716,528.0281,2,2,1,19.73238,2.208884,969.5431,1,2,1,1,1,2,0
 28/12/2015 10:04:36 AM,2.528264,528.5776,2,2,1,19.73238,2.208884,969.463,1,2,1,1,1,2,0
 28/12/2015 10:04:37 AM,2.505204,529.0486,2,2,1,19.73238,2.210934,969.1826,1,2,1,1,1,2,0
 28/12/2015 10:04:38 AM,2.491432,528.7739,2,2,1,19.73238,2.2126,969.463,1,2,1,1,1,2,0
 28/12/2015 10:04:39 AM,2.471575,528.4599,2,2,1,19.73238,2.212984,969.5831,1,2,1,1,1,2,0
 28/12/2015 10:04:40 AM,2.471575,528.4599,2,2,1,19.73238,2.212984,969.5831,1,2,1,1,1,2,0
 28/12/2015 10:04:41 AM,2.460366,528.5384,2,2,1,19.73558,2.212984,969.5431,1,2,1,1,1,2,0
 28/12/2015 10:04:42 AM,2.447555,528.3421,2,2,1,19.82841,2.212984,969.463,1,2,1,1,1,2,0
 29/12/2015 11:57:25 AM,0,813.1994,1,1,1,19.97567,2.206835,814.3627,1,2,1,1,1,2,1
 29/12/2015 11:57:26 AM,0,812.6498,1,1,1,20.00448,2.209013,813.3627,1,2,1,1,1,2,1
 29/12/2015 11:57:27 AM,0,812.3751,1,1,1,19.98848,2.209013,812.3627,1,2,1,1,1,2,1
 29/12/2015 11:57:28 AM,0,812.3358,1,1,1,19.94046,2.209013,812.3627,1,2,1,1,1,2,1
 29/12/2015 11:57:29 AM,0,812.8461,1,1,1,19.94046,2.209013,811.3627,1,2,1,1,1,2,1
 29/12/2015 11:57:30 AM,0,812.2573,1,1,1,19.94046,2.209013,810.3627,1,2,1,1,1,2,1
 29/12/2015 11:57:31 AM,0,812.4143,1,1,1,19.94686,2.209013,809.3627,1,2,1,1,1,2,1
 29/12/2015 11:57:32 AM,0,812.3751,1,1,1,19.95967,2.206835,808.3627,1,2,1,1,1,2,1
 29/12/2015 11:57:33 AM,0,812.5321,1,1,1,19.95967,2.206835,807.3627,1,2,1,1,1,2,1
 29/12/2015 11:57:34 AM,0,812.5321,1,1,1,19.95967,2.205426,806.3627,1,2,1,1,1,2,1
 29/12/2015 11:57:35 AM,0,812.7676,1,1,1,19.95967,2.205426,805.3627,1,2,1,1,1,2,1
 29/12/2015 11:57:36 AM,0,812.7283,1,1,1,19.93406,2.205426,804.3627,1,2,1,1,1,2,1
 29/12/2015 11:57:37 AM,0,812.6106,1,1,1,19.89884,2.205426,803.3627,1,2,1,1,1,2,1
 29/12/2015 11:57:38 AM,0,812.6106,1,1,1,19.89244,2.205426,802.3627,1,2,1,1,1,2,1
 29/12/2015 11:57:39 AM,0,812.5714,1,1,1,19.89244,2.205426,801.3627,1,2,1,1,1,2,1
 29/12/2015 11:57:40 AM,0,812.4143,1,1,1,19.88284,2.206963,800.3627,1,2,1,1,1,2,1
 29/12/2015 11:57:41 AM,0,812.3358,1,1,1,19.86043,2.207091,799.3627,1,2,1,1,1,2,1
 29/12/2015 11:57:42 AM,0,812.4536,1,1,1,19.83482,2.207091,798.3627,1,2,1,1,1,2,1
 29/12/2015 11:57:43 AM,0,812.3358,1,1,1,19.83482,2.207091,797.3627,1,2,1,1,1,2,1
 29/12/2015 11:57:44 AM,0,812.0218,1,1,1,19.83482,2.207091,796.3627,1,2,1,1,1,2,1
 29/12/2015 11:57:45 AM,0,812.1788,1,1,1,19.7836,2.208372,795.3627,1,2,1,1,1,2,1
 29/12/2015 11:57:46 AM,0,812.061,1,1,1,19.7836,2.208372,795.3627,1,2,1,1,1,2,1
 29/12/2015 11:57:47 AM,0,812.1788,1,1,1,19.86683,2.208372,794.3627,1,2,1,1,1,2,1
 29/12/2015 11:57:48 AM,0,812.3751,1,1,1,19.86683,2.206963,793.3627,1,2,1,1,1,2,1
 29/12/2015 11:57:49 AM,0,812.4536,1,1,1,19.86683,2.206963,792.3627,1,2,1,1,1,2,1
 29/12/2015 11:57:50 AM,0,812.4536,1,2,1,19.86683,2.206963,791.3627,1,2,1,1,1,2,1
 29/12/2015 11:57:51 AM,0,812.3358,1,2,1,19.82841,2.206963,790.3627,1,2,1,1,1,2,1
 29/12/2015 11:57:52 AM,0,812.2573,1,2,1,19.82841,2.206963,789.3627,1,2,1,1,1,2,1
 29/12/2015 11:57:53 AM,0,811.9433,1,2,1,19.89244,2.205554,788.3627,1,2,1,1,1,2,1
 29/12/2015 11:57:54 AM,0,811.7863,1,2,1,19.89244,2.205041,787.3627,1,2,1,1,1,2,1
 29/12/2015 11:57:55 AM,0,811.59,1,2,1,19.91165,2.205041,786.3627,1,2,1,1,1,2,1
 29/12/2015 11:57:56 AM,0,811.9825,1,2,1,19.91165,2.205169,785.3627,1,2,1,1,1,2,1
 29/12/2015 11:57:57 AM,0,812.1396,1,2,1,19.91165,2.205169,784.3627,1,2,1,1,1,2,1
 29/12/2015 11:57:58 AM,0,812.2181,1,2,1,19.91165,2.205169,784.3627,1,2,1,1,1,2,1
 29/12/2015 11:57:59 AM,0,812.2181,1,2,1,19.89244,2.206322,782.3627,1,2,1,1,1,2,1
 29/12/2015 11:58:00 AM,0,811.9825,1,2,1,19.83482,2.208628,781.3627,1,2,1,1,1,2,1
 29/12/2015 11:58:01 AM,0,811.9825,1,2,1,19.83482,2.208628,781.3627,1,2,1,1,1,2,1
 29/12/2015 11:58:02 AM,0,811.8256,1,2,1,19.81881,2.208628,780.3627,1,2,1,1,1,2,1
 29/12/2015 11:58:03 AM,0,811.7863,1,2,1,19.84442,2.208628,780.3627,1,2,1,1,1,2,1
 29/12/2015 11:58:04 AM,0,811.59,1,2,1,19.84442,2.208628,779.3627,1,2,1,1,1,2,1
 29/12/2015 11:58:05 AM,0,811.0797,1,2,1,19.85082,2.208628,778.3627,1,2,1,1,1,2,1
 29/12/2015 11:58:06 AM,0,810.8835,1,2,1,19.89564,2.208628,777.3627,1,2,1,1,1,2,1
 29/12/2015 11:58:07 AM,0,810.4124,1,2,1,19.89564,2.208628,776.3627,1,2,1,1,1,2,1
 29/12/2015 11:58:08 AM,0,809.8629,1,2,1,19.89564,2.208628,775.3627,1,2,1,1,1,2,1
 29/12/2015 11:58:09 AM,0,809.5881,1,2,1,19.91805,2.208628,774.3627,1,2,1,1,1,2,1
 29/12/2015 11:58:10 AM,0,809.2349,1,2,1,19.91805,2.205169,773.3627,1,2,1,1,1,2,1
 29/12/2015 11:58:11 AM,0,808.7245,1,2,1,19.96607,2.205169,772.3627,1,2,1,1,1,2,1
 29/12/2015 11:58:12 AM,0,808.4498,1,2,1,19.96607,2.205169,771.3627,1,2,1,1,1,2,1
 29/12/2015 11:58:13 AM,0,808.4498,1,2,1,19.96607,2.205169,770.3627,1,2,1,1,1,2,1
 29/12/2015 11:58:14 AM,0,807.704,1,2,1,19.95646,2.205169,769.3627,1,2,1,1,1,2,1
 29/12/2015 11:58:15 AM,0,806.9582,1,2,1,19.91485,2.204144,768.3627,1,2,1,1,1,2,1
 29/12/2015 11:58:16 AM,0,806.8405,1,2,1,19.83802,2.204144,767.3627,1,2,1,1,1,2,1
 29/12/2015 11:58:17 AM,0,805.9376,1,2,1,19.83482,2.206322,767.3627,1,2,1,1,1,2,1
 29/12/2015 11:58:18 AM,0,805.0741,1,2,1,19.83482,2.206322,766.3627,1,2,1,1,1,2,1
 29/12/2015 11:58:19 AM,0,804.5638,1,2,1,19.82841,2.206322,765.3627,1,2,1,1,1,2,1
 29/12/2015 11:58:20 AM,0,804.132,1,2,1,19.7996,2.205169,764.3627,1,2,1,1,1,2,1
 29/12/2015 11:58:21 AM,0,802.8367,1,2,1,19.77079,2.204529,763.3627,1,2,1,1,1,2,1
 29/12/2015 11:58:22 AM,0,802.4834,1,2,1,19.77079,2.204529,762.3627,1,2,1,1,1,2,1
 29/12/2015 11:58:23 AM,0,801.9731,1,2,1,19.77079,2.206322,761.3627,1,2,1,1,1,2,1
 29/12/2015 11:58:24 AM,0,801.3058,1,2,1,19.82841,2.206835,760.3627,1,2,1,1,1,2,1
 29/12/2015 11:58:25 AM,0,800.9918,1,2,1,19.84762,2.206835,759.3627,1,2,1,1,1,2,1
 29/12/2015 11:58:26 AM,0,799.9319,1,2,1,19.84762,2.205426,758.3627,1,2,1,1,1,2,1
 29/12/2015 11:58:27 AM,0,799.4217,1,2,1,19.82841,2.205426,757.3627,1,2,1,1,1,2,1
 29/12/2015 11:58:28 AM,0,798.9114,1,2,1,19.77399,2.206963,756.3627,1,2,1,1,1,2,1
 29/12/2015 11:58:29 AM,0,798.9506,1,2,1,19.77399,2.207603,755.3627,1,2,1,1,1,2,1
 29/12/2015 11:58:30 AM,0,798.6366,1,2,1,19.87963,2.207603,754.3627,1,2,1,1,1,2,1
 29/12/2015 11:58:31 AM,0,798.3226,1,2,1,19.88604,2.207603,753.3627,1,2,1,1,1,2,1
 29/12/2015 11:58:32 AM,0,797.3412,1,2,1,19.88604,2.206066,752.3627,1,2,1,1,1,2,1
 29/12/2015 11:58:33 AM,0,796.36,1,2,1,19.88604,2.205426,751.3627,1,2,1,1,1,2,1
 29/12/2015 11:58:34 AM,0,795.3001,1,2,1,19.88604,2.205169,751.3627,1,2,1,1,1,2,1
 29/12/2015 11:58:35 AM,0,794.9076,1,2,1,19.88604,2.205169,750.3627,1,2,1,1,1,2,1
 29/12/2015 11:58:36 AM,0,794.5151,1,2,1,19.96287,2.202607,749.3627,1,2,1,1,1,2,1
 29/12/2015 11:58:37 AM,0,794.1226,1,2,1,19.96287,2.202479,748.3627,1,2,1,1,1,2,1
 29/12/2015 11:58:38 AM,0,793.4553,1,2,1,19.96287,2.202479,747.3627,1,2,1,1,1,2,1
 29/12/2015 11:58:39 AM,0,792.1992,1,2,1,19.96287,2.202479,746.3627,1,2,1,1,1,2,1
 29/12/2015 11:58:40 AM,0,791.6104,1,2,1,19.93406,2.202479,745.3627,1,2,1,1,1,2,1
 29/12/2015 11:58:41 AM,0,791.1001,1,2,1,19.93406,2.202479,744.3627,1,2,1,1,1,2,1
 29/12/2015 11:58:42 AM,0,790.9038,1,2,1,19.91165,2.202479,743.3627,1,2,1,1,1,2,1
 29/12/2015 11:58:43 AM,0,790.1973,1,2,1,19.91165,2.203632,742.3627,1,2,1,1,1,2,1
 29/12/2015 11:58:44 AM,0,789.7263,1,2,1,20.00448,2.205426,741.3627,1,2,1,1,1,2,1
 29/12/2015 11:58:45 AM,0,789.2159,1,2,1,20.02049,2.205426,740.3627,1,2,1,1,1,2,1
 29/12/2015 11:58:46 AM,0,788.9412,1,2,1,20.02049,2.205426,739.3627,1,2,1,1,1,2,1
 29/12/2015 11:58:47 AM,0,788.3131,1,2,1,19.93085,2.206322,738.3627,1,2,1,1,1,2,1
 29/12/2015 11:58:48 AM,0,787.3711,1,2,1,19.93085,2.207091,738.3627,1,2,1,1,1,2,1
 29/12/2015 11:58:49 AM,0,787.0963,1,2,1,19.93085,2.207091,737.3627,1,2,1,1,1,2,1
 29/12/2015 11:58:50 AM,0,787.0571,1,2,1,19.93085,2.207091,736.3627,1,2,1,1,1,2,1
 29/12/2015 11:58:51 AM,0,786.5075,1,2,1,19.93085,2.207091,735.3627,1,2,1,1,1,2,1
 29/12/2015 11:58:52 AM,0,786.1542,1,2,1,19.93085,2.207091,734.3627,1,2,1,1,1,2,1
 29/12/2015 11:58:53 AM,0,785.6047,1,2,1,19.93085,2.207091,733.3627,1,2,1,1,1,2,1
 29/12/2015 11:58:54 AM,0,785.2906,1,2,1,19.93085,2.207091,732.3627,1,2,1,1,1,2,1
 29/12/2015 11:58:55 AM,0,784.9374,1,2,1,19.94686,2.208244,731.3627,1,2,1,1,1,2,1
 29/12/2015 11:58:56 AM,0,784.4271,1,2,1,19.94686,2.208756,730.3627,1,2,1,1,1,2,1
 29/12/2015 11:58:57 AM,0,784.0346,1,2,1,19.94686,2.208756,729.3627,1,2,1,1,1,2,1
 29/12/2015 11:58:58 AM,0,783.6421,1,2,1,19.94686,2.208756,728.3627,1,2,1,1,1,2,1
 29/12/2015 11:58:59 AM,0,783.0533,1,2,1,19.94686,2.208756,727.3627,1,2,1,1,1,2,1
 29/12/2015 11:59:00 AM,0,783.0533,1,2,1,19.92445,2.208756,726.3627,1,2,1,1,1,2,1
 29/12/2015 11:59:01 AM,0,782.386,1,2,1,19.88284,2.208756,725.3627,1,2,1,1,1,2,1
 29/12/2015 11:59:02 AM,0,782.2682,1,2,1,19.88284,2.208756,724.3627,1,2,1,1,1,2,1
 29/12/2015 11:59:03 AM,0,781.8364,1,2,1,19.88284,2.209653,724.3627,1,2,1,1,1,2,1
 29/12/2015 11:59:04 AM,0,780.8943,1,2,1,19.88284,2.209653,722.3627,1,2,1,1,1,2,1
 29/12/2015 11:59:05 AM,0,780.6196,1,2,1,19.88284,2.209653,722.3627,1,2,1,1,1,2,1
 29/12/2015 11:59:06 AM,0,780.0701,1,2,1,19.88284,2.209653,721.3627,1,2,1,1,1,2,1
 29/12/2015 11:59:07 AM,0,779.5205,1,2,1,19.94366,2.209013,720.3627,1,2,1,1,1,2,1
 29/12/2015 11:59:08 AM,0,778.7355,1,2,1,19.95646,2.207475,719.3627,1,2,1,1,1,2,1
 29/12/2015 11:59:09 AM,0,778.2252,1,2,1,19.95646,2.206707,718.3627,1,2,1,1,1,2,1
 29/12/2015 11:59:10 AM,0,777.8326,1,2,1,19.99488,2.206707,717.3627,1,2,1,1,1,2,1
 29/12/2015 11:59:11 AM,0,777.8326,1,2,1,19.99488,2.206707,717.3627,1,2,1,1,1,2,1
 29/12/2015 11:59:12 AM,0,777.5186,1,2,1,19.99488,2.206707,716.3627,1,2,1,1,1,2,1
 29/12/2015 11:59:13 AM,0,776.8513,1,2,1,19.99488,2.206707,715.3627,1,2,1,1,1,2,1
 29/12/2015 11:59:14 AM,0,776.6943,1,2,1,19.99488,2.206707,714.3627,1,2,1,1,1,2,1
 29/12/2015 11:59:15 AM,0,776.3803,1,2,1,19.99488,2.208628,714.3627,1,2,1,1,1,2,1
 29/12/2015 11:59:16 AM,0,775.7523,1,2,1,19.99488,2.208756,712.3627,1,2,1,1,1,2,1
 29/12/2015 11:59:17 AM,0,775.399,1,2,1,19.99488,2.208756,711.3627,1,2,1,1,1,2,1
 29/12/2015 11:59:18 AM,0,774.6924,1,2,1,19.96607,2.208756,710.3627,1,2,1,1,1,2,1
 29/12/2015 11:59:19 AM,0,774.0251,1,2,1,19.92765,2.208628,709.3627,1,2,1,1,1,2,1
 29/12/2015 11:59:20 AM,0,773.5541,1,2,1,19.90204,2.206963,708.3627,1,2,1,1,1,2,1
 29/12/2015 11:59:21 AM,0,773.3186,1,2,1,19.90204,2.206066,708.3627,1,2,1,1,1,2,1
 29/12/2015 11:59:22 AM,0,772.8083,1,2,1,19.94686,2.205041,707.3627,1,2,1,1,1,2,1
 29/12/2015 11:59:23 AM,0,772.5728,1,2,1,19.95006,2.203504,706.3627,1,2,1,1,1,2,1
 29/12/2015 11:59:24 AM,0,772.4158,1,2,1,20.01088,2.203119,705.3627,1,2,1,1,1,2,1
 29/12/2015 11:59:25 AM,0,772.0233,1,2,1,20.01088,2.203119,705.3627,1,2,1,1,1,2,1
 29/12/2015 11:59:26 AM,0,771.3952,1,2,1,19.99168,2.205169,704.3627,1,2,1,1,1,2,1
 29/12/2015 11:59:27 AM,0,770.8849,1,2,1,19.96607,2.205426,703.3627,1,2,1,1,1,2,1
 29/12/2015 11:59:28 AM,0,770.6494,1,2,1,19.94366,2.206066,702.3627,1,2,1,1,1,2,1
 29/12/2015 11:59:29 AM,0,770.4139,1,2,1,19.94366,2.206066,701.3627,1,2,1,1,1,2,1
 29/12/2015 11:59:30 AM,0,769.5896,1,2,1,19.94046,2.206066,700.3627,1,2,1,1,1,2,1
 29/12/2015 11:59:31 AM,0,768.5297,1,2,1,19.94046,2.206066,699.3627,1,2,1,1,1,2,1
 29/12/2015 11:59:32 AM,0,767.7054,1,2,1,19.94046,2.206066,698.3627,1,2,1,1,1,2,1
 29/12/2015 11:59:33 AM,0,766.8419,1,2,1,19.97887,2.206066,697.3627,1,2,1,1,1,2,1
 29/12/2015 11:59:34 AM,0,766.0568,1,2,1,19.98848,2.207347,696.3627,1,2,1,1,1,2,1
 29/12/2015 11:59:35 AM,0,765.2718,1,2,1,19.98848,2.207347,695.3627,1,2,1,1,1,2,1
 29/12/2015 11:59:36 AM,0,765.154,1,2,1,19.98848,2.207347,694.3627,1,2,1,1,1,2,1
 29/12/2015 11:59:37 AM,0,764.4867,1,2,1,19.98848,2.207347,694.3627,1,2,1,1,1,2,1
 29/12/2015 11:59:38 AM,0,763.7802,1,2,1,19.90845,2.207347,693.3627,1,2,1,1,1,2,1
 29/12/2015 11:59:39 AM,0,762.9166,1,2,1,19.90204,2.207347,692.3627,1,2,1,1,1,2,1
 29/12/2015 11:59:40 AM,0,762.4063,1,2,1,19.90204,2.205169,691.3627,1,2,1,1,1,2,1
 29/12/2015 11:59:41 AM,0,761.6213,1,2,1,19.90204,2.205169,690.3627,1,2,1,1,1,2,1
 29/12/2015 11:59:42 AM,0,761.4642,1,2,1,19.90204,2.205169,689.3627,1,2,1,1,1,2,1
 29/12/2015 11:59:43 AM,0,761.4642,1,2,1,19.90204,2.205169,689.3627,1,2,1,1,1,2,1
 29/12/2015 11:59:44 AM,0,761.4642,1,2,1,19.90204,2.205169,688.3627,1,2,1,1,1,2,1
 29/12/2015 11:59:45 AM,0,761.0325,1,2,1,19.90204,2.206194,687.3627,1,2,1,1,1,2,1
 29/12/2015 11:59:46 AM,0,761.0325,1,2,1,19.90204,2.206194,686.3627,1,2,1,1,1,2,1
 29/12/2015 11:59:47 AM,0,760.9932,1,2,1,19.90204,2.206194,685.3627,1,2,1,1,1,2,1
 29/12/2015 11:59:48 AM,0,760.954,1,2,1,19.90204,2.206066,684.3627,1,2,1,1,1,2,1
 29/12/2015 11:59:49 AM,0,760.4044,1,2,1,19.90204,2.203888,683.3627,1,2,1,1,1,2,1
 29/12/2015 11:59:50 AM,0,759.7764,1,2,1,19.85082,2.203888,682.3627,1,2,1,1,1,2,1
 29/12/2015 11:59:51 AM,0,758.8736,1,2,1,19.83482,2.203888,681.3627,1,2,1,1,1,2,1
 29/12/2015 11:59:52 AM,0,758.4418,1,2,1,19.83482,2.20581,680.3627,1,2,1,1,1,2,1
 29/12/2015 11:59:53 AM,0,758.0885,1,2,1,19.86683,2.20581,679.3627,1,2,1,1,1,2,1
 29/12/2015 11:59:54 AM,0,757.7352,1,2,1,19.89884,2.20581,678.3627,1,2,1,1,1,2,1
 29/12/2015 11:59:55 AM,0,757.3035,1,2,1,19.89884,2.204529,677.3627,1,2,1,1,1,2,1
 29/12/2015 11:59:56 AM,0,756.5184,1,2,1,19.87643,2.204529,676.3627,1,2,1,1,1,2,1
 29/12/2015 11:59:57 AM,0,756.0474,1,2,1,19.8028,2.204529,676.3627,1,2,1,1,1,2,1
 29/12/2015 11:59:58 AM,0,755.4979,1,2,1,19.76759,2.204529,675.3627,1,2,1,1,1,2,1
 29/12/2015 11:59:59 AM,0,755.3408,1,2,1,19.73878,2.20645,674.3627,1,2,1,1,1,2,1
 29/12/2015 12:00:00 PM,0,754.752,1,2,1,19.73878,2.207475,673.3627,1,2,1,1,1,2,1
 29/12/2015 12:00:01 PM,0,754.4772,1,2,1,19.7964,2.207475,672.3627,1,2,1,1,1,2,1
 29/12/2015 12:00:02 PM,0,753.7314,1,2,1,19.7964,2.205426,671.3627,1,2,1,1,1,2,1
 29/12/2015 12:00:03 PM,0,753.1819,1,2,1,19.7964,2.205426,670.3627,1,2,1,1,1,2,1
 29/12/2015 12:00:04 PM,0,752.2006,1,2,1,19.82201,2.205426,669.3627,1,2,1,1,1,2,1
 29/12/2015 12:00:05 PM,0,751.4155,1,2,1,19.82201,2.205426,668.3627,1,2,1,1,1,2,1
 29/12/2015 12:00:06 PM,0,751.0623,1,2,1,19.82201,2.205426,667.3627,1,2,1,1,1,2,1
 29/12/2015 12:00:07 PM,0,750.9445,1,2,1,19.82201,2.205426,666.3627,1,2,1,1,1,2,1
 29/12/2015 12:00:08 PM,0,750.4342,1,2,1,19.88284,2.203632,665.3627,1,2,1,1,1,2,1
 29/12/2015 12:00:09 PM,0,750.4735,1,2,1,19.90204,2.202479,664.3627,1,2,1,1,1,2,1
 29/12/2015 12:00:10 PM,0,749.6492,1,2,1,19.90204,2.202479,663.3627,1,2,1,1,1,2,1
 29/12/2015 12:00:11 PM,0,749.2959,1,2,1,19.95646,2.203119,662.3627,1,2,1,1,1,2,1
 29/12/2015 12:00:12 PM,0,748.7071,1,2,1,19.95646,2.203119,661.3627,1,2,1,1,1,2,1
 29/12/2015 12:00:13 PM,0,748.4323,1,2,1,19.95646,2.203119,660.3627,1,2,1,1,1,2,1
 29/12/2015 12:00:14 PM,0,748.0398,1,2,1,19.95646,2.203119,659.3627,1,2,1,1,1,2,1
 29/12/2015 12:00:15 PM,0,747.294,1,2,1,19.89884,2.206707,658.3627,1,2,1,1,1,2,1
 29/12/2015 12:00:16 PM,0,746.9015,1,2,1,19.89884,2.207091,657.3627,1,2,1,1,1,2,1
 29/12/2015 12:00:17 PM,0,746.6267,1,2,1,19.89884,2.207091,656.3627,1,2,1,1,1,2,1
 29/12/2015 12:00:18 PM,0,745.8417,1,2,1,19.89884,2.207091,655.3627,1,2,1,1,1,2,1
 29/12/2015 12:00:19 PM,0,745.1351,1,2,1,19.89884,2.205554,654.3627,1,2,1,1,1,2,1
 29/12/2015 12:00:20 PM,0,744.6641,1,2,1,19.91485,2.205426,653.3627,1,2,1,1,1,2,1
 29/12/2015 12:00:21 PM,0,744.35,1,2,1,19.91485,2.205426,652.3627,1,2,1,1,1,2,1
 29/12/2015 12:00:22 PM,0,743.9968,1,2,1,19.87643,2.205426,652.3627,1,2,1,1,1,2,1
 29/12/2015 12:00:23 PM,0,743.3295,1,2,1,19.79,2.205426,651.3627,1,2,1,1,1,2,1
 29/12/2015 12:00:24 PM,0,742.937,1,2,1,19.77079,2.204785,650.3627,1,2,1,1,1,2,1
 29/12/2015 12:00:25 PM,0,742.5052,1,2,1,19.77079,2.203632,649.3627,1,2,1,1,1,2,1
 29/12/2015 12:00:26 PM,0,741.5631,1,2,1,19.81561,2.203888,648.3627,1,2,1,1,1,2,1
 29/12/2015 12:00:27 PM,0,741.0135,1,2,1,19.84762,2.205682,647.3627,1,2,1,1,1,2,1
 29/12/2015 12:00:28 PM,0,740.4641,1,2,1,19.87003,2.205682,646.3627,1,2,1,1,1,2,1
 29/12/2015 12:00:29 PM,0,740.4641,1,2,1,19.87003,2.205682,646.3627,1,2,1,1,1,2,1
 29/12/2015 12:00:30 PM,0,740.1108,1,2,1,19.92445,2.205682,645.3627,1,2,1,1,1,2,1
 29/12/2015 12:00:31 PM,0,739.4435,1,2,1,19.92445,2.203248,644.3627,1,2,1,1,1,2,1
 29/12/2015 12:00:32 PM,0,739.2472,1,2,1,19.95967,2.203119,643.3627,1,2,1,1,1,2,1
 29/12/2015 12:00:33 PM,0,738.6191,1,2,1,19.95967,2.203119,642.3627,1,2,1,1,1,2,1
 29/12/2015 12:00:34 PM,0,737.7163,1,2,1,19.95967,2.202991,641.3627,1,2,1,1,1,2,1
 29/12/2015 12:00:35 PM,0,737.3238,1,2,1,19.95967,2.202479,640.3627,1,2,1,1,1,2,1
 29/12/2015 12:00:36 PM,0,736.5388,1,2,1,19.95967,2.202479,639.3627,1,2,1,1,1,2,1
 29/12/2015 12:00:37 PM,0,735.8715,1,2,1,19.92765,2.200557,639.3627,1,2,1,1,1,2,1
 29/12/2015 12:00:38 PM,0,735.2827,1,2,1,19.89244,2.200045,638.3627,1,2,1,1,1,2,1
 29/12/2015 12:00:39 PM,0,734.6154,1,2,1,19.87003,2.200045,637.3627,1,2,1,1,1,2,1
 29/12/2015 12:00:40 PM,0,734.6154,1,2,1,19.86683,2.200045,636.3627,1,2,1,1,1,2,1
 29/12/2015 12:00:41 PM,0,734.3798,1,2,1,19.89564,2.200301,635.3627,1,2,1,1,1,2,1
 29/12/2015 12:00:42 PM,0,733.634,1,2,1,19.90845,2.203248,634.3627,1,2,1,1,1,2,1
 29/12/2015 12:00:43 PM,0,733.163,1,2,1,19.91485,2.203248,633.3627,1,2,1,1,1,2,1
 29/12/2015 12:00:44 PM,0,732.7705,1,2,1,19.91485,2.203248,633.3627,1,2,1,1,1,2,1
 29/12/2015 12:00:45 PM,0,732.4172,1,2,1,19.91485,2.203248,632.3627,1,2,1,1,1,2,1
 29/12/2015 12:00:46 PM,0,731.9854,1,2,1,19.89884,2.203248,631.3627,1,2,1,1,1,2,1
 29/12/2015 12:00:47 PM,0,731.6714,1,2,1,19.87643,2.205426,630.3627,1,2,1,1,1,2,1
 29/12/2015 12:00:48 PM,0,731.1611,1,2,1,19.87643,2.206707,629.3627,1,2,1,1,1,2,1
 29/12/2015 12:00:49 PM,0,730.6508,1,2,1,19.87643,2.206707,628.3627,1,2,1,1,1,2,1
 29/12/2015 12:00:50 PM,0,730.2975,1,2,1,19.91485,2.206707,627.3627,1,2,1,1,1,2,1
 29/12/2015 12:00:51 PM,0,730.0228,1,2,1,19.92445,2.205426,626.3627,1,2,1,1,1,2,1
 29/12/2015 12:00:52 PM,0,729.6302,1,2,1,19.97247,2.205426,625.3627,1,2,1,1,1,2,1
 29/12/2015 12:00:53 PM,0,728.8845,1,2,1,19.98848,2.205554,624.3627,1,2,1,1,1,2,1
 29/12/2015 12:00:54 PM,0,728.6489,1,2,1,19.98848,2.208116,624.3627,1,2,1,1,1,2,1
 29/12/2015 12:00:55 PM,0,728.2957,1,2,1,19.98848,2.208116,623.3627,1,2,1,1,1,2,1
 29/12/2015 12:00:56 PM,0,727.7069,1,2,1,19.98848,2.208116,622.3627,1,2,1,1,1,2,1
 29/12/2015 12:00:57 PM,0,727.1573,1,2,1,19.98848,2.208116,621.3627,1,2,1,1,1,2,1
 29/12/2015 12:00:58 PM,0,726.9611,1,2,1,19.98848,2.208116,620.3627,1,2,1,1,1,2,1
 29/12/2015 12:00:59 PM,0,726.4901,1,2,1,19.98848,2.206963,619.3627,1,2,1,1,1,2,1
 29/12/2015 12:01:00 PM,0,726.176,1,2,1,20.02369,2.206963,618.3627,1,2,1,1,1,2,1
 29/12/2015 12:01:01 PM,0,725.7835,1,2,1,20.02369,2.205554,617.3627,1,2,1,1,1,2,1
 29/12/2015 12:01:02 PM,0,725.3517,1,2,1,19.89564,2.205554,616.3627,1,2,1,1,1,2,1
 29/12/2015 12:01:03 PM,0,725.5087,1,2,1,19.85402,2.205554,615.3627,1,2,1,1,1,2,1
 29/12/2015 12:01:04 PM,0,725.4695,1,2,1,19.82201,2.205554,614.3627,1,2,1,1,1,2,1
 29/12/2015 12:01:05 PM,0,725.1555,1,2,1,19.82201,2.205554,613.3627,1,2,1,1,1,2,1
 29/12/2015 12:01:06 PM,0,724.0956,1,2,1,19.81881,2.207475,612.3627,1,2,1,1,1,2,1
 29/12/2015 12:01:07 PM,0,723.0358,1,2,1,19.81881,2.207475,611.3627,1,2,1,1,1,2,1
 29/12/2015 12:01:08 PM,0,722.3292,1,2,1,19.81881,2.207475,610.3627,1,2,1,1,1,2,1
 29/12/2015 12:01:09 PM,0,721.9367,1,2,1,19.85082,2.207475,609.3627,1,2,1,1,1,2,1
 29/12/2015 12:01:10 PM,0,720.9946,1,2,1,19.85082,2.20581,609.3627,1,2,1,1,1,2,1
 29/12/2015 12:01:11 PM,0,720.3666,1,2,1,19.87643,2.205426,608.3627,1,2,1,1,1,2,1
 29/12/2015 12:01:12 PM,0,719.9741,1,2,1,19.90845,2.205426,607.3627,1,2,1,1,1,2,1
 29/12/2015 12:01:13 PM,0,718.875,1,2,1,19.91165,2.205426,606.3627,1,2,1,1,1,2,1
 29/12/2015 12:01:14 PM,0,717.9329,1,2,1,19.91165,2.205426,605.3627,1,2,1,1,1,2,1
 29/12/2015 12:01:15 PM,0,717.5012,1,2,1,19.92445,2.204401,604.3627,1,2,1,1,1,2,1
 29/12/2015 12:01:16 PM,0,717.2264,1,2,1,19.95006,2.203119,603.3627,1,2,1,1,1,2,1
 29/12/2015 12:01:17 PM,0,716.4413,1,2,1,19.95006,2.203119,602.3627,1,2,1,1,1,2,1
 29/12/2015 12:01:18 PM,0,715.7348,1,2,1,19.95006,2.203119,601.3627,1,2,1,1,1,2,1
 29/12/2015 12:01:19 PM,0,714.989,1,2,1,19.91805,2.205041,600.3627,1,2,1,1,1,2,1
 29/12/2015 12:01:20 PM,0,714.2039,1,2,1,19.91485,2.205041,599.3627,1,2,1,1,1,2,1
 29/12/2015 12:01:21 PM,0,714.1647,1,2,1,19.89884,2.203119,598.3627,1,2,1,1,1,2,1
 29/12/2015 12:01:22 PM,0,713.8114,1,2,1,19.89884,2.202863,597.3627,1,2,1,1,1,2,1
 29/12/2015 12:01:23 PM,0,713.4189,1,2,1,19.99168,2.204913,596.3627,1,2,1,1,1,2,1
 29/12/2015 12:01:24 PM,0,713.3011,1,2,1,20.0621,2.205041,595.3627,1,2,1,1,1,2,1
 29/12/2015 12:01:25 PM,0,712.9871,1,2,1,20.0621,2.205041,594.3627,1,2,1,1,1,2,1
 29/12/2015 12:01:26 PM,0,712.7516,1,2,1,20.0621,2.205041,593.3627,1,2,1,1,1,2,1
 29/12/2015 12:01:27 PM,0,712.3198,1,2,1,19.99808,2.202991,592.3627,1,2,1,1,1,2,1
 29/12/2015 12:01:28 PM,0,711.9666,1,2,1,19.99808,2.202991,592.3627,1,2,1,1,1,2,1
 29/12/2015 12:01:29 PM,0,711.6132,1,2,1,19.99808,2.202991,591.3627,1,2,1,1,1,2,1
 29/12/2015 12:01:30 PM,0,711.3777,1,2,1,19.95006,2.202991,590.3627,1,2,1,1,1,2,1
 29/12/2015 12:01:31 PM,0,711.0245,1,2,1,19.88604,2.204401,589.3627,1,2,1,1,1,2,1
 29/12/2015 12:01:32 PM,0,710.8674,1,2,1,19.88604,2.204401,588.3627,1,2,1,1,1,2,1
 29/12/2015 12:01:33 PM,0,710.6712,1,2,1,19.88604,2.204401,587.3627,1,2,1,1,1,2,1
 29/12/2015 12:01:34 PM,0,709.7684,1,2,1,19.88604,2.206835,586.3627,1,2,1,1,1,2,1
 29/12/2015 12:01:35 PM,0,709.2974,1,2,1,19.96287,2.208628,585.3627,1,2,1,1,1,2,1
 29/12/2015 12:01:36 PM,0,708.9048,1,2,1,19.96287,2.208628,584.3627,1,2,1,1,1,2,1
 29/12/2015 12:01:37 PM,0,708.6301,1,2,1,19.96287,2.206194,583.3627,1,2,1,1,1,2,1
 29/12/2015 12:01:38 PM,0,707.8842,1,2,1,19.96287,2.205554,582.3627,1,2,1,1,1,2,1
 29/12/2015 12:01:39 PM,0,707.6487,1,2,1,19.96287,2.205554,581.3627,1,2,1,1,1,2,1
 29/12/2015 12:01:40 PM,0,707.0992,1,2,1,19.96287,2.205554,580.3627,1,2,1,1,1,2,1
